asin,n_rows,n_unique,min_label,max_label
1099134587,4,1,False,False
1523503033,7,1,False,False
1698481225,1,1,False,False
B00003008E,302,1,False,False
B00004OCJQ,233,1,False,False
B00004OCNQ,68,1,False,False
B00004YOBF,71,1,False,False
B000052XPU,303,1,False,False
B0000536M2,392,1,False,False
B000058TJ3,985,1,False,False
B00005K9CK,317,1,False,False
B0000631ZM,177,1,False,False
B00006IC7Q,368,1,False,False
B00006IV0R,417,1,False,False
B0000CBJFU,20,1,False,False
B0000VMEQ2,81,1,False,False
B0000Z6JJG,605,1,False,False
B0001EM8I2,332,1,False,False
B00065XNU8,63,1,False,False
B0006H92QK,227,1,False,False
B00076WODS,32,1,False,False
B0007MHD2Y,96,1,False,False
B0007NQH98,121,1,False,False
B0009FHJRS,747,1,False,False
B000AMA43Q,162,1,False,False
B000BABW5Q,1175,1,False,False
B000BZA9W8,95,1,False,False
B000CQBNJY,30,1,False,False
B000DZF4US,150,1,False,False
B000F5IKUM,19,1,False,False
B000F6FPCM,58,1,False,False
B000FGVQW0,1,1,False,False
B000FVXSL2,407,1,False,False
B000FXVAYW,642,1,False,False
B000GTQU5E,182,1,False,False
B000J2KEGY,148,1,False,False
B000JOK11K,326,1,False,False
B000K6C91M,76,1,False,False
B000KI111Y,1060,1,False,False
B000KSCEH4,372,1,False,False
B000L8EEPS,828,1,False,False
B000LDGNCU,64,1,False,False
B000LPHVXS,12,1,False,False
B000MLHMAS,254,1,False,False
B000MS63E2,16,1,False,False
B000NPSLNU,89,1,False,False
B000OLA7KS,314,1,False,False
B000P0SPX4,56,1,False,False
B000PEZYNE,373,1,False,False
B000PUUHIU,26,1,False,False
B000Q3XQAM,8,1,False,False
B000TFDY0E,6,1,False,False
B000VV1ZMU,201,1,False,False
B000WHYB1A,90,1,False,False
B000XPHY10,15,1,False,False
B000Y1W8GE,80,1,False,False
B0012O719Q,11,1,False,False
B0013CC3O0,33,1,False,False
B0013HO0E6,709,1,False,False
B0013MX6DW,77,1,False,False
B0013TZ016,860,1,False,False
B0014X5VHY,117,1,False,False
B00151U4DG,18,1,False,False
B0015R3CM0,29,1,False,False
B0016DE80I,326,1,False,False
B0017NS8H6,63,1,False,False
B0017U7S6G,49,1,False,False
B0019LRNVS,17,1,False,False
B001A4CWHO,178,1,False,False
B001B4X7KE,250,1,False,False
B001FXUTUM,736,1,False,False
B001G7PTWU,228,1,False,False
B001GP7SC6,13,1,False,False
B001JU81ZG,1192,1,False,False
B001P5Y08C,263,1,False,False
B001RMIWJ6,140,1,False,False
B001RPL902,1025,1,False,False
B001S5F5Z6,51,1,False,False
B001TI9Y2M,659,1,False,False
B001VU6BGA,83,1,False,False
B0024S00VA,373,1,False,False
B0026SZJU0,4,1,False,False
B0027LSEPS,1160,1,False,False
B00292BRTU,522,1,False,False
B002ABHNH0,6,1,False,False
B002GHBUTK,441,1,False,False
B002HIFMLU,75,1,False,False
B002IVTEJ2,519,1,False,False
B002JL1Y6C,154,1,False,False
B002L84MLC,2,1,False,False
B002SR9PPY,141,1,False,False
B002UKP0O4,155,1,False,False
B002VECNMQ,92,1,False,False
B0030SZ4P0,273,1,False,False
B0034CYHS2,66,1,False,False
B0035B2R6Q,263,1,False,False
B0038227QM,76,1,False,False
B0039ZCQAK,21,1,False,False
B003CS65NS,205,1,False,False
B003H054RY,303,1,False,False
B003LXY2HA,723,1,False,False
B003MROHZW,623,1,True,True
B0043OUHIE,35,1,False,False
B0043P0HFQ,47,1,False,False
B00447NWFK,298,1,False,False
B00450MNBU,159,1,False,False
B0046ZYF10,284,1,False,False
B0047EAQ18,345,1,False,False
B004D24818,359,1,False,False
B004DL0Y26,62,1,False,False
B004GJ23QK,14,1,False,False
B004HJ1ZB8,344,1,False,False
B004IF89MY,162,1,False,False
B004KI7ASS,3,1,False,False
B004KQ9WEK,6,1,False,False
B004KQBPJK,411,1,False,False
B004NG989G,9,1,False,False
B004NG98AA,20,1,False,False
B004NO6LD4,106,1,False,False
B004PGU0TQ,237,1,False,False
B004YLKGBY,17,1,False,False
B0052GBLMS,23,1,False,False
B0052L7F46,5,1,False,False
B00542ZCDE,40,1,False,False
B00568DKJY,90,1,False,False
B005G0XFEM,247,1,False,False
B005IG2FTU,233,1,False,False
B005MVB3S0,15,1,False,False
B005VDSLR0,8,1,False,False
B0062IWQVU,1346,1,False,False
B0064REJ3C,719,1,False,False
B006CR9KGA,1129,1,False,False
B006FQCBZK,77,1,False,False
B006LQV7ZE,3,1,False,False
B006RQ8UNA,98,1,False,False
B0073WOJUU,54,1,False,False
B0076D0MYI,435,1,False,False
B0076RS5Z2,8,1,False,False
B007ADOL28,908,1,False,False
B007BF0EL2,46,1,False,False
B007F10DZY,17,1,False,False
B007QV0R7W,56,1,False,False
B007WQSML4,403,1,False,False
B007ZY4QN6,132,1,False,False
B00846OIL4,25,1,False,False
B008587M0K,163,1,False,False
B008798Y2M,105,1,False,False
B008CCE7HK,78,1,False,False
B008DNA9WU,202,1,False,False
B008DZ6JPO,305,1,True,True
B008FPN92I,224,1,False,False
B008FRB2K2,29,1,False,False
B008KIZ946,3,1,False,False
B008PL4ZJI,24,1,False,False
B008Z65ZMY,235,1,False,False
B00904WS2K,161,1,False,False
B00A83I8G2,543,1,False,False
B00A9XPNOQ,38,1,False,False
B00ACBKNS6,554,1,False,False
B00AFWPVUC,56,1,False,False
B00ANJLSTA,56,1,False,False
B00AOH8W1I,19,1,False,False
B00AYJKBHE,127,1,False,False
B00B1ZRLLY,492,1,False,False
B00B2YAD46,95,1,False,False
B00BF9IYO4,189,1,False,False
B00BGADZ6E,106,1,False,False
B00BXKFAJ2,200,1,False,False
B00C6AXFPY,23,1,False,False
B00CE5YI4I,3,1,False,False
B00CKK1M96,33,1,False,False
B00CX9EXOA,161,1,False,False
B00CXAEX5I,127,1,False,False
B00D5PKYJ4,76,1,False,False
B00D5PXSRE,196,1,False,False
B00DPILG4I,13,1,False,False
B00DPMEJCK,186,1,False,False
B00DXYP7QM,62,1,False,False
B00DXYPF9Q,15,1,False,False
B00E97HEW2,101,1,False,False
B00E9SVM06,54,1,False,False
B00EAXQXT0,8,1,False,False
B00ECDM78E,742,1,False,False
B00EDZ0C4C,15,1,False,False
B00EEY4TJG,8,1,False,False
B00EIFXB18,519,1,False,False
B00EJXX9QG,96,1,False,False
B00ENSSPBQ,181,1,False,False
B00EP48NMY,699,1,False,False
B00F0W1RIW,860,1,False,False
B00F37BS2E,53,1,False,False
B00FBP4QT0,338,1,False,False
B00FGUUW16,118,1,False,False
B00FYZL5E6,38,1,False,False
B00G5L89JM,183,1,False,False
B00G7VNO86,685,1,False,False
B00GH1797S,95,1,False,False
B00GIHF6AS,13,1,True,True
B00GLDQH5W,227,1,False,False
B00H2QIMPU,116,1,False,False
B00H3QRW6E,224,1,False,False
B00H88K9EE,74,1,False,False
B00H9KWSWM,110,1,False,False
B00HDT7F7M,27,1,False,False
B00HHT0KXO,22,1,False,False
B00HJ8DFGC,803,1,False,False
B00HMDX3B6,399,1,False,False
B00HNDSOCI,113,1,False,False
B00HS5FOVA,152,1,False,False
B00HU6N3LK,421,1,False,False
B00HXJRR7A,27,1,False,False
B00I38UG4Q,30,1,False,False
B00I6AVER4,154,1,False,False
B00II71C72,171,1,False,False
B00IJEY1CW,21,1,False,False
B00ISW92IS,346,1,False,False
B00IUHZ5QY,87,1,False,False
B00J2APOAK,3,1,False,False
B00J4Y5PJ4,49,1,False,False
B00J5PPA6U,1,1,False,False
B00JG0CV9S,288,1,False,False
B00JGJGQ9A,49,1,False,False
B00JH2P8BS,27,1,False,False
B00JL6ZKFE,956,1,False,False
B00JMZOVUO,184,1,False,False
B00JR1JRMK,5,1,False,False
B00K1L9SAG,231,1,False,False
B00KG3P4LG,254,1,False,False
B00KGGH0UQ,371,1,False,False
B00KNEDQ86,36,1,False,False
B00KNNSU9W,206,1,False,False
B00KV07NNQ,57,1,False,False
B00LEKA2XU,128,1,False,False
B00LH8NTH0,19,1,False,False
B00LI807S8,4,1,False,False
B00LL0Z1LQ,76,1,False,False
B00LNI4428,92,1,False,False
B00LU0D416,38,1,False,False
B00LVOU27U,238,1,False,False
B00MTFVF9E,100,1,False,False
B00MU40OCI,79,1,False,False
B00MUK6M82,1014,1,False,False
B00MWRZFP4,129,1,False,False
B00MX91C80,10,1,False,False
B00MXFFM80,17,1,False,False
B00MYRXIIS,577,1,False,False
B00N39F94C,152,1,False,False
B00N4KJZUO,52,1,False,False
B00NE5IF3W,64,1,False,False
B00NMEWBQM,244,1,False,False
B00NMEWDYW,133,1,False,False
B00O0HDDFS,46,1,False,False
B00OJWLNMO,283,1,False,False
B00OP5KB0K,163,1,False,False
B00OP6I214,567,1,False,False
B00OT6YUIY,424,1,False,False
B00P9Z36T8,284,1,False,False
B00PAOFGY6,7,1,True,True
B00PH1MQV8,254,1,True,True
B00PN9W9TI,22,1,False,False
B00PX5HGPE,1124,1,False,False
B00QRT3JOW,52,1,False,False
B00QSIWXLC,2,1,False,False
B00QVUZWV0,188,1,False,False
B00R03WJ1I,375,1,False,False
B00R1UWNDE,167,1,False,False
B00R3UKTP6,62,1,False,False
B00SGF5N1M,749,1,True,True
B00SGXEOG4,22,1,False,False
B00SK5RUQY,77,1,False,False
B00T01LLP8,110,1,False,False
B00TI2J57A,5,1,False,False
B00TT9I2PS,98,1,False,False
B00TTU9RAQ,648,1,False,False
B00TYY8LR2,6,1,False,False
B00UGQBTP8,370,1,False,False
B00UJ90JXA,26,1,False,False
B00UL2E3F0,21,1,False,False
B00USHJNJE,158,1,False,False
B00V08TXU4,41,1,False,False
B00VH8G1SY,533,1,False,False
B00VIONR84,50,1,False,False
B00VIXRB6O,860,1,False,False
B00VKR4F8K,253,1,False,False
B00W2EH98I,81,1,False,False
B00W4AY9BA,119,1,False,False
B00WB9TEBE,13,1,False,False
B00WIXL4UM,377,1,False,False
B00WQFFZ9I,631,1,False,False
B00WRO21SQ,7,1,False,False
B00WVUZ1K6,32,1,False,False
B00X628STO,54,1,False,False
B00XBC3J84,330,1,False,False
B00XUKP124,266,1,False,False
B00XUZH4LK,468,1,False,False
B00Y1KM7WO,46,1,False,False
B00Z4K6UBO,306,1,False,False
B00Z8TGR4G,287,1,False,False
B00ZAXMWIA,40,1,False,False
B00ZDG6OBU,9,1,False,False
B00ZFO8Z4Y,7,1,False,False
B00ZGF82JA,207,1,False,False
B0107UPA9I,249,1,False,False
B010C5PRV4,1,1,False,False
B010EJ35ZI,1,1,False,False
B010N0N7PQ,94,1,False,False
B010U4T3RQ,41,1,False,False
B010ZIANAI,581,1,False,False
B011IWYTNW,281,1,False,False
B011M32RLI,44,1,False,False
B012LGEHEU,658,1,False,False
B012RQI4KW,51,1,False,False
B013399S9I,242,1,False,False
B0134D3CWW,6,1,False,False
B01383J3WQ,224,1,False,False
B013CE67W0,53,1,True,True
B013Y9AUTY,413,1,False,False
B014658DHQ,108,1,False,False
B014DJX6AE,16,1,False,False
B014GNQO38,422,1,False,False
B014IZ2I9S,103,1,False,False
B014JUMTXM,714,1,False,False
B014SG66UO,1213,1,False,False
B014VJD6PQ,63,1,False,False
B01504VURW,264,1,False,False
B015G0U4RM,22,1,False,False
B015TJ56EG,675,1,False,False
B01644OCVS,186,1,False,False
B0167T5ATS,67,1,False,False
B0169O7KV2,3,1,False,False
B016CUE75K,29,1,False,False
B016K1UD0E,461,1,False,False
B016L9K7J2,90,1,False,False
B016LA8JVE,360,1,False,False
B016WI7ICQ,642,1,False,False
B0177CWA6A,105,1,False,False
B01788WBC6,52,1,False,False
B0179KVUVG,108,1,False,False
B017DPFUCC,11,1,False,False
B017LXVU8O,169,1,False,False
B017LYD93C,369,1,False,False
B017STCT0O,14,1,False,False
B017VUWA2W,33,1,False,False
B0185Z8HME,318,1,False,False
B0187D9WP0,7,1,False,False
B0187RR4GK,40,1,False,False
B018A2YJ42,40,1,False,False
B018FUYN0O,396,1,False,False
B018HS9EU8,76,1,False,False
B0194OSS4C,555,1,False,False
B01967FCF0,36,1,False,False
B019CSHSW8,259,1,False,False
B019F075K8,126,1,False,False
B019FWRUYM,19,1,False,False
B019GK1KFI,173,1,False,False
B019HZDY4M,486,1,False,False
B019M576XW,941,1,True,True
B019MK6DX6,312,1,False,False
B019YGJ79K,166,1,False,False
B01A2PERJW,74,1,False,False
B01A4WL5B6,306,1,False,False
B01A58YX0O,199,1,False,False
B01A5OKHSK,26,1,False,False
B01A6B3H9I,158,1,False,False
B01A7G3K1M,54,1,False,False
B01AA3IBUC,82,1,False,False
B01ABYSY34,31,1,False,False
B01AIR3HVI,3,1,False,False
B01ANHX95C,271,1,False,False
B01ARAH6O0,345,1,False,False
B01B1D12B0,369,1,False,False
B01BGZ9XRS,52,1,False,False
B01BKX6IC4,11,1,False,False
B01BNEUV9Q,114,1,False,False
B01C46K13I,155,1,False,False
B01C5UCWIA,19,1,False,False
B01C8GNRU8,54,1,False,False
B01CCGRJVC,184,1,False,False
B01CD86V0Y,5,1,False,False
B01CFHSA0M,186,1,False,False
B01CGUL2LW,70,1,False,False
B01CNXG02I,49,1,False,False
B01CNYRZ8A,60,1,False,False
B01CR5QOOG,87,1,False,False
B01CTX7E0E,242,1,False,False
B01CV24OGK,80,1,False,False
B01D2UJVGS,14,1,True,True
B01D3Y6WFG,251,1,False,False
B01D50RZQI,742,1,False,False
B01D6R8PSW,66,1,False,False
B01D9JG0VQ,16,1,False,False
B01DNMRUIQ,35,1,True,True
B01DNZALUM,51,1,False,False
B01DWNSAOO,65,1,False,False
B01E4VVI6U,57,1,False,False
B01E9TJMAQ,349,1,False,False
B01EJ80GES,81,1,False,False
B01EN2PLN6,56,1,False,False
B01ENWNRVE,79,1,False,False
B01EYCJZH8,99,1,False,False
B01F1Q20UK,12,1,False,False
B01F59K0KA,129,1,False,False
B01F8Q23LO,7,1,False,False
B01FFEQ6K8,181,1,False,False
B01FUU251Q,10,1,False,False
B01FWTBX4U,181,1,False,False
B01FXROXFW,227,1,False,False
B01G1HUQJ0,79,1,False,False
B01G4NMIZG,967,1,True,True
B01G7JUPK2,158,1,False,False
B01GJ1NEEM,41,1,False,False
B01GJ1NEGK,72,1,False,False
B01GNVF8S8,636,1,False,False
B01GU9YA28,830,1,False,False
B01GWLJH9K,56,1,False,False
B01H3MTVE8,1698,1,True,True
B01H50RDLQ,37,1,False,False
B01H50RF4Q,240,1,False,False
B01H5D3LAA,161,1,False,False
B01H89L2H0,98,1,False,False
B01H8VINXO,58,1,False,False
B01HCKQG7G,475,1,True,True
B01HHA1IBU,18,1,False,False
B01HOROY5I,33,1,False,False
B01HQ437BG,125,1,False,False
B01HSMWLQS,119,1,False,False
B01HVFXOZY,173,1,False,False
B01HWY12BM,690,1,False,False
B01HXVUT7C,590,1,False,False
B01I0BFA7I,14,1,False,False
B01I3Z33TS,329,1,False,False
B01I58G0OS,32,1,False,False
B01I76ELYO,1096,1,False,False
B01IB76JTY,20,1,False,False
B01ICAU41E,80,1,False,False
B01ICNF8NA,20,1,False,False
B01ICOR0SU,96,1,False,False
B01IE0506Q,16,1,False,False
B01IJX5GUI,33,1,False,False
B01INSMLMU,39,1,False,False
B01IRO7WR4,386,1,False,False
B01ITTMR9U,12,1,False,False
B01IU9MMPI,281,1,False,False
B01IXZGYLM,5,1,True,True
B01IZ59MTQ,227,1,False,False
B01J0SBRMM,113,1,False,False
B01J5A3RYG,18,1,False,False
B01JKO8724,289,1,True,True
B01JP2YLSA,130,1,False,False
B01JTI41JY,512,1,False,False
B01JZ3234S,18,1,False,False
B01JZXB7RM,38,1,False,False
B01K3KTUKW,30,1,False,False
B01K97XFO6,200,1,False,False
B01KM3PY8W,32,1,False,False
B01KPPOMUS,207,1,False,False
B01L6W7F3U,201,1,False,False
B01L94O060,239,1,False,False
B01LA2CE14,20,1,False,False
B01LA7CUBI,97,1,False,False
B01LET2BFC,581,1,False,False
B01LFLQTOI,17,1,False,False
B01LOM4ISM,392,1,False,False
B01LSUQSB0,2251,1,True,True
B01LT6WKLK,117,1,False,False
B01LW6A8HL,41,1,False,False
B01LWLE8QJ,63,1,False,False
B01LWO7M8E,51,1,False,False
B01LX16ZIH,18,1,False,False
B01LX1U3EX,29,1,False,False
B01LXGTTU0,55,1,False,False
B01LXHAGNC,162,1,False,False
B01LXR0B8Q,35,1,False,False
B01LXUJ7WC,103,1,False,False
B01LXYE46U,132,1,False,False
B01LY1MG5E,219,1,False,False
B01LZSA84J,584,1,True,True
B01M0A4YV3,123,1,False,False
B01M0OYQQ9,4,1,False,False
B01M0XITG1,220,1,False,False
B01M14RI79,473,1,False,False
B01M16KM4E,30,1,False,False
B01M2WDWPG,21,1,False,False
B01M35M87O,347,1,False,False
B01M3VNJX8,353,1,False,False
B01M4S0R3G,9,1,False,False
B01M6YMWNA,77,1,False,False
B01M7MDK5S,1134,1,False,False
B01M7TZNR7,144,1,False,False
B01MCRS2QU,3,1,False,False
B01MCY96ZE,317,1,False,False
B01MF58RD2,127,1,False,False
B01MG758NL,209,1,False,False
B01MQU5PDE,31,1,False,False
B01MR2SEAR,159,1,False,False
B01MR2SQ0W,69,1,False,False
B01MR2VP8Q,112,1,False,False
B01MSAGKII,79,1,False,False
B01MSAKU92,3,1,False,False
B01MSFEOXM,36,1,False,False
B01MSY6RQT,53,1,False,False
B01MSZSL4I,688,1,False,False
B01MTJK06C,31,1,True,True
B01MTLEKNA,430,1,False,False
B01MU6QH6M,419,1,False,False
B01MUG97H4,65,1,False,False
B01MUGZE9A,127,1,False,False
B01MV05BXE,39,1,False,False
B01MY3OF6S,278,1,False,False
B01MYMG98W,43,1,False,False
B01MYT6GWU,25,1,False,False
B01MZAGSDM,92,1,False,False
B01N0XUY54,4,1,False,False
B01N131FW3,35,1,False,False
B01N1NYUNO,34,1,False,False
B01N1UWJAW,287,1,False,False
B01N1ZKZE4,76,1,False,False
B01N29I5RN,92,1,False,False
B01N2BBFEA,21,1,False,False
B01N2U5HNJ,265,1,False,False
B01N30TE9C,148,1,False,False
B01N3A7MXH,44,1,False,False
B01N53K853,44,1,False,False
B01N5CS4RQ,248,1,False,False
B01N6448Q4,287,1,False,False
B01N6AKCQM,28,1,False,False
B01N7Y5P9D,153,1,False,False
B01N80S2UX,662,1,True,True
B01NAOX3R0,23,1,False,False
B01NBJ1YUK,134,1,False,False
B01NC1DBA8,8,1,False,False
B01NCHR6IX,70,1,False,False
B01NCM1VQA,55,1,False,False
B01NCTHI8D,34,1,False,False
B06W2K1PSN,19,1,False,False
B06W532RC3,191,1,False,False
B06WGR9LXP,15,1,False,False
B06WLJD4Q3,200,1,False,False
B06WLJH9TB,58,1,False,False
B06WRP2Q7D,244,1,False,False
B06WW14HVB,104,1,False,False
B06WW5ZTZ5,29,1,True,True
B06WWB4BKQ,15,1,False,False
B06WWPKB9K,322,1,False,False
B06X3S3TBL,13,1,False,False
B06X3SY95G,236,1,False,False
B06X3XHFSH,44,1,False,False
B06X9HNB7P,13,1,False,False
B06XBTWPH4,14,1,False,False
B06XBZQ3HX,115,1,True,True
B06XD983YF,2,1,True,True
B06XG35SWW,113,1,False,False
B06XJ35FG4,828,1,False,False
B06XKGB4D6,145,1,False,False
B06XNC5MGY,49,1,False,False
B06XPDGLHT,6,1,False,False
B06XRG9QDV,706,1,False,False
B06XS1PT7V,21,1,False,False
B06XS7694G,113,1,False,False
B06XT6DJNH,3,1,False,False
B06XTFLZYN,7,1,False,False
B06XWH6PMS,167,1,False,False
B06XXDFR5D,18,1,False,False
B06XZV7ZGC,348,1,False,False
B06Y1G18KS,260,1,False,False
B06Y1WQDKF,194,1,False,False
B06Y2TVCDC,13,1,False,False
B06Y4P38V8,163,1,False,False
B06Y4VMTVF,42,1,True,True
B06Y55S3X7,12,1,False,False
B06Y5V9ZGS,100,1,False,False
B06ZXXQKH9,197,1,False,False
B06ZYM3CPB,284,1,False,False
B0711576G9,32,1,False,False
B0711MS3QB,14,1,False,False
B07121VL4D,205,1,False,False
B07143GK11,31,1,False,False
B07146SGBX,5,1,False,False
B0714J2X7T,265,1,True,True
B0716LK55W,65,1,False,False
B0716Z4SWS,14,1,False,False
B071721YG5,37,1,False,False
B071F4DZM8,5,1,False,False
B071HPPSB8,26,1,False,False
B071JL95F3,51,1,True,True
B071K8L32H,81,1,True,True
B071KCHS1D,6,1,True,True
B071KKGFHW,58,1,False,False
B071L9TG2R,39,1,False,False
B071LJP9KS,141,1,False,False
B071NFVXBH,409,1,False,False
B071NWYHR5,47,1,False,False
B071P6PC2V,24,1,True,True
B071PDY5DS,589,1,False,False
B071RTXDMP,55,1,False,False
B071S3311M,1248,1,False,False
B071S9292P,41,1,False,False
B071SGJ533,168,1,False,False
B071VHNVVK,39,1,False,False
B071VVYVDT,23,1,False,False
B071X2CM7C,114,1,False,False
B071X8P5KD,15,1,False,False
B071XB18BF,606,1,False,False
B072132RVR,126,1,False,False
B07228JDFF,100,1,False,False
B0722KVJM3,201,1,False,False
B07236HSVW,33,1,False,False
B07257DJPM,73,1,False,False
B0725C3RJX,1696,1,True,True
B0725K1MHH,207,1,False,False
B072C3SCW6,487,1,False,False
B072FS9MC8,385,1,False,False
B072JVKYVF,34,1,False,False
B072LV4PCV,147,1,False,False
B072M7FM7S,114,1,False,False
B072V51FGD,108,1,False,False
B072XDCVZN,227,1,False,False
B072XG65DK,367,1,False,False
B0731FDCB1,26,1,False,False
B07355RRNY,198,1,True,True
B0736BR6QH,109,1,False,False
B073BP6T67,153,1,False,False
B073CD221H,11,1,False,False
B073FG6V1G,232,1,False,False
B073FHKTGB,29,1,False,False
B073H8QN22,131,1,False,False
B073HBKS4W,608,1,False,False
B073QPLLJ6,32,1,False,False
B073RFXSG8,135,1,False,False
B073TRKY4L,103,1,False,False
B073WGTKQR,19,1,False,False
B073WN96RQ,34,1,False,False
B073WWCNY3,109,1,False,False
B073XS3CHV,541,1,False,False
B0741RZ45C,11,1,False,False
B0741ZTT6S,11,1,True,True
B07439MNM8,60,1,False,False
B0745BHZW5,21,1,False,False
B0745F7NH8,7,1,False,False
B0747YHYZF,378,1,False,False
B07498JDX4,114,1,False,False
B0749967DB,41,1,True,True
B074C2PQTW,66,1,True,True
B074DQNS98,175,1,False,False
B074DTL449,62,1,False,False
B074GN3XWT,38,1,False,False
B074GNQGBR,161,1,False,False
B074HX6VKV,28,1,True,True
B074M7M1BX,320,1,False,False
B074M8WNM1,125,1,False,False
B074MQ3WSG,8,1,False,False
B074N2TRRR,145,1,True,True
B074NB5TNW,905,1,False,False
B074NZY3SQ,369,1,False,False
B074P2M8N8,240,1,False,False
B074PQYCVV,182,1,False,False
B074PXZSRV,24,1,True,True
B074SXQS1P,35,1,False,False
B074TW2HDP,172,1,False,False
B074W34DK6,366,1,False,False
B074W5JXRC,21,1,False,False
B074WKGXV3,382,1,False,False
B074Y1TCJK,5,1,True,True
B074ZGG295,68,1,False,False
B074ZQJW9R,119,1,False,False
B074ZS4Z3Z,79,1,False,False
B0751KYGBL,89,1,False,False
B07528KCYM,104,1,True,True
B0752RJXT2,17,1,False,False
B07539WXBH,114,1,False,False
B0753LC2DQ,167,1,False,False
B0753Y6V1J,250,1,False,False
B07547GRGZ,36,1,False,False
B075486MDK,670,1,True,True
B0756FFRF7,172,1,False,False
B0756L2V9K,1,1,False,False
B075734X1Y,5,1,False,False
B07575941G,49,1,False,False
B0757LP511,47,1,False,False
B07588GSN8,9,1,False,False
B0758CXS85,164,1,False,False
B0758H68GX,25,1,False,False
B0758KBH8Z,129,1,False,False
B0758TGQ1M,12,1,False,False
B0758TY861,24,1,False,False
B07597XP2K,71,1,True,True
B075CGZHPJ,406,1,False,False
B075CHYM3K,141,1,False,False
B075FCVZ9J,119,1,True,True
B075GFNY8C,54,1,False,False
B075GGR33H,459,1,True,True
B075KDVDKB,9,1,False,False
B075KJ4JGP,147,1,False,False
B075L7V6NZ,189,1,False,False
B075LQ6QKL,20,1,False,False
B075NF8HN2,592,1,False,False
B075QCCTFR,46,1,False,False
B075QP241K,71,1,False,False
B075QZ2NCV,174,1,False,False
B075RTX14M,38,1,False,False
B075RVHRXV,8,1,False,False
B075SWVZNJ,9,1,False,False
B075TGT3MP,54,1,False,False
B075WBTNVB,24,1,False,False
B075XHZFZV,3,1,False,False
B075XRZTV1,49,1,False,False
B075XTMYD1,86,1,False,False
B075ZT41PR,605,1,False,False
B0761QTMZD,15,1,False,False
B0761R2WQB,104,1,False,False
B0763KPPVX,44,1,False,False
B07643R6F8,40,1,False,False
B0769FZSCS,297,1,False,False
B076B1PYXX,20,1,False,False
B076F5P28T,2095,1,True,True
B076GDSRTV,114,1,False,False
B076GQ4T75,106,1,False,False
B076J4Z9N3,163,1,False,False
B076MFK19J,12,1,False,False
B076P53R6S,29,1,False,False
B076Q7MK36,2,1,False,False
B076X18PGC,44,1,False,False
B076XD97J6,199,1,False,False
B076Z31HQ5,145,1,False,False
B07744BMB2,117,1,False,False
B0775LG28W,28,1,False,False
B0776W7JM5,96,1,False,False
B0777K1472,267,1,True,True
B0779W2FSJ,340,1,False,False
B077GRFX73,31,1,True,True
B077JPK4G6,199,1,False,False
B077MNL4B1,142,1,False,False
B077NPBGSW,74,1,False,False
B077P9MDRS,12,1,False,False
B077PF4HNT,45,1,False,False
B077TH96TF,20,1,False,False
B077TZZ8NJ,79,1,False,False
B077VGZB1Z,14,1,True,True
B077WVXRFK,13,1,False,False
B077XJB1Z8,353,1,False,False
B077XRXRZR,72,1,False,False
B077YS5ZV5,71,1,False,False
B077Z3HV99,181,1,False,False
B07814SXZ2,61,1,True,True
B0785H3FGN,142,1,False,False
B0787G4D3Q,88,1,False,False
B0787HPL6D,25,1,False,False
B07894PWHZ,207,1,False,False
B0789L3WVQ,3,1,True,True
B078FXW5LD,1,1,False,False
B078GDS5YZ,80,1,False,False
B078GLXBCX,5,1,False,False
B078GPS6KV,33,1,True,True
B078GR7J9Z,60,1,False,False
B078GTDZNZ,18,1,False,False
B078H3DHQ1,103,1,False,False
B078KHB3YW,59,1,False,False
B078KSHVCS,193,1,False,False
B078M32R41,133,1,False,False
B078N3PG62,38,1,False,False
B078NM4ZTN,9,1,False,False
B078NTG1V5,240,1,True,True
B078PDM1B3,10,1,False,False
B078PFKNQ4,3,1,False,False
B078RZZK5L,43,1,False,False
B078TFP8D5,314,1,False,False
B078THRWWF,176,1,False,False
B078TNBLM3,26,1,False,False
B078VDX67M,14,1,False,False
B078WMYWSD,14,1,False,False
B078X6Z4QN,90,1,False,False
B078XQR7R6,95,1,True,True
B078YDBYSF,65,1,False,False
B078YMPPDV,107,1,True,True
B078Z8P7CX,4,1,False,False
B07924DKXQ,20,1,False,False
B0792WFTJG,23,1,False,False
B0792WTR5P,19,1,False,False
B0793PHVKN,22,1,True,True
B07944K2DN,26,1,False,False
B0794SYQQT,46,1,False,False
B0796QSR27,440,1,False,False
B0797B4NJQ,97,1,False,False
B07994GT2W,210,1,False,False
B0799D1TDH,178,1,False,False
B079BJXVXT,3,1,True,True
B079C1PFXW,1,1,True,True
B079CMKYSF,5,1,False,False
B079CVF1SD,42,1,False,False
B079DFR7MT,133,1,False,False
B079DQ68ZH,5,1,False,False
B079FN5ZXN,8,1,False,False
B079G86T9W,246,1,False,False
B079GR96PB,187,1,False,False
B079HRZTDP,7,1,False,False
B079K5BXFK,9,1,False,False
B079KHVMT7,3,1,False,False
B079MHNM52,58,1,False,False
B079N6RW4P,367,1,False,False
B079NM682K,70,1,False,False
B079QN3154,575,1,False,False
B079RMGDSQ,33,1,False,False
B079V6NZ57,335,1,False,False
B079V7VQ98,38,1,True,True
B079YBGPM5,166,1,False,False
B07B21FLLC,201,1,False,False
B07B2995V5,10,1,False,False
B07B2C8DJD,166,1,False,False
B07B3M16ZD,20,1,False,False
B07B4W5PMB,11,1,True,True
B07B4XGY1Z,312,1,False,False
B07B6SYTNQ,313,1,True,True
B07B7GBFV4,2,1,False,False
B07B7K7N3P,1924,1,True,True
B07B92ZLK7,1,1,False,False
B07B9K3NYS,5,1,False,False
B07B9TL7NP,26,1,False,False
B07B9XRCCV,155,1,False,False
B07BDMGMLY,981,1,False,False
B07BF3LFN3,113,1,False,False
B07BFCVJZC,768,1,True,True
B07BFMJWRP,27,1,False,False
B07BFRGXZH,86,1,False,False
B07BHC82N2,407,1,False,False
B07BKYJDHY,15,1,True,True
B07BLL8W3W,6,1,False,False
B07BLTDD1V,561,1,True,True
B07BLZ6KPN,13,1,True,True
B07BNLF5R1,48,1,False,False
B07BNM8JXY,100,1,False,False
B07BPGYYQR,18,1,False,False
B07BQH4SVM,110,1,False,False
B07BRQ15GW,31,1,True,True
B07BS6NJ4S,43,1,False,False
B07BS7MYFQ,27,1,False,False
B07BSWXHPH,192,1,False,False
B07BTDMMNX,45,1,True,True
B07BVJFLS9,56,1,False,False
B07BY2VRBC,27,1,False,False
B07C123G5V,10,1,False,False
B07C22FP4V,107,1,False,False
B07C25P924,132,1,False,False
B07C3JJ9FY,72,1,False,False
B07C483YSZ,10,1,False,False
B07C4PYP57,37,1,False,False
B07C56JWCV,199,1,False,False
B07C89Z2Z3,48,1,False,False
B07C8YTP4T,29,1,False,False
B07C96NK8P,780,1,False,False
B07CBL2KWD,150,1,False,False
B07CBVRHVY,12,1,False,False
B07CCB4XLC,2,1,False,False
B07CFWQ5SC,59,1,True,True
B07CG6VJSJ,32,1,False,False
B07CG7LBS4,15,1,False,False
B07CGL7197,84,1,True,True
B07CH16Z7P,128,1,False,False
B07CK6H14Q,506,1,False,False
B07CKFVX5L,282,1,False,False
B07CKV9FRX,564,1,False,False
B07CMBHGVT,67,1,False,False
B07CMCQZPW,210,1,False,False
B07CMN3F9P,46,1,False,False
B07CN6N2GY,144,1,False,False
B07CNXP9S4,112,1,False,False
B07CP3B241,68,1,False,False
B07CPQ39R8,17,1,True,True
B07CQX9NLW,34,1,False,False
B07CR7Z7KG,2,1,True,True
B07CT41YX6,187,1,False,False
B07CTD3BHR,194,1,False,False
B07CTQK7SY,19,1,False,False
B07CV7KC3K,4,1,False,False
B07CWJQF98,27,1,True,True
B07CWK93RY,137,1,True,True
B07CWR5PWQ,32,1,False,False
B07CXK8VQS,22,1,False,False
B07CXL3KYB,44,1,True,True
B07CXP59Y9,11,1,True,True
B07CXX3WB4,9,1,False,False
B07D11946L,1126,1,False,False
B07D1J88CF,72,1,False,False
B07D278QQC,119,1,True,True
B07D3BZLSJ,31,1,False,False
B07D3H5B2B,74,1,False,False
B07D49TCBS,13,1,False,False
B07D5BRCWT,145,1,False,False
B07D6DMN7L,28,1,False,False
B07D6GMN6G,52,1,False,False
B07D6M5Y31,16,1,True,True
B07D6MNCYP,117,1,False,False
B07D6T8B1Y,1,1,False,False
B07D77JP2N,3,1,False,False
B07D7RKJYS,136,1,False,False
B07D8TK36C,15,1,False,False
B07D9BVKDT,234,1,False,False
B07D9HPDWH,40,1,False,False
B07D9J137D,123,1,False,False
B07DB5GH6H,138,1,False,False
B07DC1FJVL,80,1,False,False
B07DDCMBXL,32,1,False,False
B07DDDLSRL,231,1,False,False
B07DFF5WPQ,222,1,False,False
B07DFFJPHT,681,1,False,False
B07DFMQ9V7,7,1,False,False
B07DFVYZCR,181,1,False,False
B07DG279MB,410,1,False,False
B07DGL68C3,84,1,False,False
B07DH69FYX,9,1,False,False
B07DHLHR46,215,1,True,True
B07DHWX8V5,5,1,False,False
B07DJ19HMK,397,1,False,False
B07DJ6BG3T,83,1,True,True
B07DJW3M5R,89,1,False,False
B07DK89Z84,23,1,False,False
B07DK8HC8B,564,1,True,True
B07DKDGCPS,111,1,False,False
B07DKDNMS3,219,1,True,True
B07DKFBYL3,15,1,True,True
B07DKKJZ4T,212,1,False,False
B07DKNBSRN,172,1,False,False
B07DKVZD3H,341,1,True,True
B07DLT872X,5,1,False,False
B07DLXBHGH,70,1,False,False
B07DM7551L,33,1,False,False
B07DNDTY8N,362,1,True,True
B07DNH2SHR,28,1,False,False
B07DNQ9FD9,153,1,False,False
B07DNRCVS4,127,1,False,False
B07DNW51NV,14,1,False,False
B07DNWPGX4,53,1,True,True
B07DQCPXBG,60,1,False,False
B07DQG6RLX,46,1,False,False
B07DQL95G6,41,1,False,False
B07DQQDMLH,171,1,False,False
B07DR9BT5G,87,1,False,False
B07DRRZLGK,12,1,False,False
B07DS7PD41,418,1,True,True
B07DVL7F9M,62,1,True,True
B07DWLWLC9,117,1,False,False
B07DWQGNSP,9,1,False,False
B07DXM8SCR,8,1,False,False
B07DZX78TV,24,1,True,True
B07DZZD3LL,460,1,True,True
B07F11BQJF,12,1,True,True
B07F1QBRN9,15,1,False,False
B07F1XBYGZ,149,1,True,True
B07F1YS3NB,740,1,False,False
B07F279KQ6,57,1,False,False
B07F29WW88,54,1,False,False
B07F2K5N7Z,3,1,False,False
B07F337QJY,17,1,False,False
B07F3BYMQ1,68,1,False,False
B07F3FTCXB,356,1,False,False
B07F3YX3SF,3,1,True,True
B07F59HQRC,690,1,True,True
B07F5CR9JV,88,1,False,False
B07F5Z9SSP,5,1,False,False
B07F62W3TQ,321,1,False,False
B07F6S45L1,65,1,False,False
B07F6T9KHW,610,1,False,False
B07F7L518G,43,1,False,False
B07F7N4YJ1,16,1,False,False
B07F7VRFWB,46,1,False,False
B07F8HH2SC,31,1,False,False
B07F8HPKS6,46,1,False,False
B07F8ZH3NJ,116,1,False,False
B07F9K5QS3,264,1,True,True
B07F9TK8VC,257,1,True,True
B07F9TQK6F,25,1,False,False
B07FB2RYLY,107,1,False,False
B07FBBHH7M,72,1,False,False
B07FCHVRYC,20,1,False,False
B07FCNYND8,298,1,True,True
B07FDDXTVX,8,1,True,True
B07FDM8CP9,15,1,False,False
B07FDQLL7K,186,1,True,True
B07FDXKHTT,14,1,True,True
B07FDY9FYV,172,1,True,True
B07FF49JWJ,5,1,False,False
B07FFSL9G2,114,1,True,True
B07FG1QM9W,59,1,False,False
B07FKLP2K5,21,1,False,False
B07FKMRQ2M,2,1,False,False
B07FKMXTYN,9,1,False,False
B07FKQ59TR,73,1,False,False
B07FM3Z77T,311,1,False,False
B07FM6VL7V,904,1,False,False
B07FMHKLPZ,20,1,False,False
B07FN2NYG3,54,1,False,False
B07FN6B533,3,1,False,False
B07FNXJC8G,575,1,True,True
B07FP1ZQ39,24,1,False,False
B07FP8PG9N,95,1,True,True
B07FP9FG12,137,1,False,False
B07FQ5CYX1,45,1,False,False
B07FQ6SDKY,32,1,False,False
B07FR6MXKZ,11,1,False,False
B07FTHJJRN,47,1,False,False
B07FTWKJZY,747,1,True,True
B07FVW7753,63,1,False,False
B07FW4TZH8,29,1,False,False
B07FYJVFNK,131,1,False,False
B07FYNFV84,3,1,False,False
B07FZS178Z,9,1,False,False
B07FZZXMRW,24,1,False,False
B07G11VLT9,11,1,False,False
B07G23R7ZX,42,1,False,False
B07G29CMT8,30,1,False,False
B07G4RJVGD,60,1,False,False
B07G55FSPX,432,1,True,True
B07G574ZHR,30,1,False,False
B07G584SHG,208,1,False,False
B07G71N5QG,119,1,False,False
B07G7TNJH7,431,1,True,True
B07G83TDXY,89,1,False,False
B07G8D625M,11,1,False,False
B07G8VXR4G,422,1,False,False
B07G8WC2QF,8,1,True,True
B07G8WN4YB,113,1,False,False
B07G93MM6Y,12,1,False,False
B07G9BNTPD,17,1,False,False
B07GB6BC52,71,1,False,False
B07GBR9M16,6,1,True,True
B07GBSCVBN,15,1,False,False
B07GBTYTZZ,88,1,False,False
B07GBV9WG9,256,1,False,False
B07GD8DP9Q,25,1,False,False
B07GD8SFVB,189,1,True,True
B07GDLBX7K,292,1,True,True
B07GFBVC98,318,1,False,False
B07GFRQTPH,80,1,False,False
B07GFT1JS1,74,1,False,False
B07GGNFTXV,25,1,False,False
B07GGP69QD,31,1,False,False
B07GJ88YVV,25,1,False,False
B07GJF3XLQ,31,1,True,True
B07GKLB3HQ,103,1,False,False
B07GKPR452,451,1,False,False
B07GKRKTVG,43,1,False,False
B07GKY6N3Q,74,1,True,True
B07GLCWBYW,95,1,False,False
B07GLZP593,215,1,False,False
B07GMRMCJ5,27,1,True,True
B07GMZBMZ8,284,1,False,False
B07GP5K6WX,72,1,False,False
B07GPDT7PQ,54,1,False,False
B07GPPRNXG,25,1,False,False
B07GQ4S6MN,80,1,False,False
B07GQCF3ZM,421,1,False,False
B07GQF718S,22,1,False,False
B07GQM1W25,168,1,False,False
B07GQPFLFZ,22,1,False,False
B07GQPZSQC,108,1,False,False
B07GRJ98H1,54,1,False,False
B07GRKPMKF,24,1,False,False
B07GSGGX6W,50,1,False,False
B07GV8F4R6,5,1,True,True
B07GVF445X,53,1,True,True
B07GVFV31X,211,1,True,True
B07GVV6H24,301,1,False,False
B07GWQF47D,333,1,True,True
B07GX6F896,9,1,False,False
B07GXH2CJP,341,1,False,False
B07GXZTSWX,11,1,True,True
B07GYD44D3,117,1,False,False
B07GYMW67P,18,1,True,True
B07GYQCM14,319,1,False,False
B07GZ8HQZD,332,1,True,True
B07GZD3K1H,72,1,False,False
B07GZH7M9D,147,1,False,False
B07GZNWV9G,24,1,True,True
B07GZRPNS6,77,1,False,False
B07H1BSZTC,79,1,True,True
B07H1PZRQP,22,1,False,False
B07H269P85,43,1,False,False
B07H26JCSQ,168,1,False,False
B07H28F2J6,20,1,True,True
B07H28SCC9,130,1,True,True
B07H2F9P5H,11,1,False,False
B07H2XVRGJ,5,1,False,False
B07H317VXD,128,1,True,True
B07H31WX6W,48,1,False,False
B07H331J4R,377,1,True,True
B07H34VT29,55,1,False,False
B07H38PNYY,2,1,False,False
B07H39TFMP,78,1,False,False
B07H3M23P6,39,1,True,True
B07H3PDWVZ,96,1,False,False
B07H4NSHS4,590,1,False,False
B07H7BMTTB,40,1,False,False
B07H7GW4QL,10,1,True,True
B07H7HLVCG,171,1,False,False
B07H8215J4,126,1,False,False
B07H8D5VFD,56,1,True,True
B07H8T2QQM,35,1,False,False
B07H93DNWB,3,1,False,False
B07H9HZ4FB,131,1,False,False
B07H9NNNN7,19,1,False,False
B07H9SB2MS,77,1,False,False
B07H9WBFDS,12,1,False,False
B07HCKN29G,60,1,True,True
B07HD6GSV7,55,1,False,False
B07HDBSBBL,48,1,False,False
B07HDL2QCX,37,1,False,False
B07HFGTY11,2,1,False,False
B07HFV5RF6,78,1,False,False
B07HFVZMF6,115,1,False,False
B07HFZSBDQ,468,1,True,True
B07HG456JN,167,1,True,True
B07HGTG6L5,180,1,True,True
B07HGVT7RN,16,1,False,False
B07HGW8N7R,140,1,False,False
B07HH5RCHF,26,1,True,True
B07HHXDT1N,87,1,True,True
B07HHZGV7P,66,1,True,True
B07HJ762WL,133,1,False,False
B07HK5G6CG,55,1,False,False
B07HK6K5CS,68,1,False,False
B07HKHJDT4,7,1,False,False
B07HKPXKCD,240,1,False,False
B07HMM6SFD,245,1,True,True
B07HMPV2J7,90,1,True,True
B07HMTGTBH,4,1,True,True
B07HMTX92M,447,1,False,False
B07HNHGBXF,9,1,False,False
B07HQ91761,132,1,True,True
B07HQMX1MJ,28,1,True,True
B07HQV31SK,4,1,False,False
B07HRHDV1T,139,1,False,False
B07HRW65V9,14,1,False,False
B07HSR1CFJ,70,1,False,False
B07HSYVD1M,58,1,True,True
B07HT3SLV2,104,1,True,True
B07HTCFWHH,614,1,False,False
B07HVMVXXK,138,1,True,True
B07HVTVK28,30,1,False,False
B07HXK5J58,301,1,False,False
B07HXR7JVP,5,1,False,False
B07HYT5G8M,8,1,True,True
B07HZ3BMJJ,19,1,False,False
B07HZ3FQ93,135,1,False,False
B07J1GYCWC,25,1,True,True
B07J1L3JT4,20,1,False,False
B07J1Q2JZN,127,1,True,True
B07J1QHPL5,9,1,True,True
B07J2FYBGK,11,1,False,False
B07J43CWC3,58,1,True,True
B07J43LNZ9,60,1,False,False
B07J4KG29H,647,1,True,True
B07J649XBC,115,1,True,True
B07J6FYFCP,90,1,False,False
B07JB48B6K,17,1,True,True
B07JBR4MZ1,14,1,False,False
B07JBZQL8V,3,1,False,False
B07JC77Q9C,94,1,False,False
B07JCGP27C,4,1,False,False
B07JCK31NN,10,1,False,False
B07JDSJ8BP,22,1,False,False
B07JFCML59,184,1,False,False
B07JFVM28K,494,1,True,True
B07JG34X5S,87,1,True,True
B07JG4F5FN,419,1,True,True
B07JG5JDD9,62,1,False,False
B07JG5T22X,4,1,False,False
B07JGB83F2,192,1,False,False
B07JGBK6XV,1,1,True,True
B07JGHC98W,36,1,False,False
B07JHHTGFK,384,1,False,False
B07JJBGG1D,151,1,False,False
B07JJKLQV6,78,1,False,False
B07JJMYQ8G,123,1,False,False
B07JL6FRL8,4,1,False,False
B07JLCR327,324,1,False,False
B07JLZ193V,80,1,True,True
B07JM5Z4K8,89,1,False,False
B07JMNFM2J,28,1,True,True
B07JMWNWB7,221,1,False,False
B07JMZ25G3,5,1,False,False
B07JN1DF1D,617,1,False,False
B07JN2HXYV,15,1,False,False
B07JNHZS3C,11,1,False,False
B07JNX8ZT9,53,1,True,True
B07JP5WKLW,180,1,False,False
B07JQ8CW7T,10,1,False,False
B07JQBKMVR,34,1,False,False
B07JQCBSSB,28,1,False,False
B07JQSZ12F,15,1,False,False
B07JQXMW25,91,1,False,False
B07JR4YPLG,161,1,True,True
B07JR8JYH7,16,1,False,False
B07JV9BY3G,49,1,False,False
B07JVBLQD2,24,1,True,True
B07JVGDC5M,35,1,False,False
B07JVH4CQ2,222,1,False,False
B07JVHLQ3C,35,1,False,False
B07JVMLSQD,20,1,False,False
B07JWVC6S6,2,1,False,False
B07JY9FK27,28,1,False,False
B07JZ29ZDN,1,1,False,False
B07JZMX92D,20,1,False,False
B07JZQ4RLL,38,1,True,True
B07K1ZQLDV,12,1,False,False
B07K2PWN19,196,1,True,True
B07K2XF6QZ,74,1,False,False
B07K2XZ6Z8,5,1,False,False
B07K32N74Y,4,1,False,False
B07K392MTH,18,1,False,False
B07K3G5M46,32,1,False,False
B07K42BR9Z,292,1,True,True
B07K4VCVGR,160,1,False,False
B07K696RY2,107,1,False,False
B07K6GYR2N,65,1,False,False
B07K6WDR2Z,76,1,False,False
B07K7MSV25,436,1,True,True
B07K8K96PN,83,1,False,False
B07K9RDSR2,75,1,True,True
B07K9T5TBD,3,1,False,False
B07KB1GHCS,18,1,False,False
B07KB32743,302,1,False,False
B07KBWN8L1,148,1,True,True
B07KC7D7S4,64,1,True,True
B07KCVTVGH,417,1,False,False
B07KDS5V9N,3,1,False,False
B07KF9X6PJ,34,1,True,True
B07KFCHRRM,170,1,False,False
B07KFKCJ5C,2,1,False,False
B07KFLTHHZ,335,1,True,True
B07KG6NCVD,14,1,False,False
B07KG8YHHZ,1,1,False,False
B07KGQQHCJ,202,1,False,False
B07KH9SQKB,15,1,False,False
B07KHB3VD8,146,1,True,True
B07KK87K63,9,1,False,False
B07KKCP3ZB,604,1,True,True
B07KL62DRC,114,1,False,False
B07KMDJPG1,120,1,False,False
B07KNR8DP3,23,1,False,False
B07KNSGKWP,28,1,False,False
B07KPJ3DQP,40,1,True,True
B07KPKDYJF,41,1,False,False
B07KPVVKQ4,158,1,True,True
B07KPZ8RSZ,95,1,False,False
B07KQJFWLF,115,1,False,False
B07KQVDYL5,65,1,False,False
B07KRJJF67,347,1,False,False
B07KRZ2S8T,2,1,False,False
B07KSD2HHX,6,1,True,True
B07KSRFJ9Y,543,1,False,False
B07KSXV6LK,177,1,True,True
B07KSZWJNF,27,1,False,False
B07KVNYPTZ,19,1,False,False
B07KW2GCDZ,81,1,False,False
B07KWKJNF4,55,1,True,True
B07KWMKV9S,4,1,False,False
B07KWP6BK9,170,1,False,False
B07KXFBTSM,123,1,True,True
B07KXFGGHF,20,1,False,False
B07KXVLQK3,146,1,True,True
B07KXZ6CPT,131,1,True,True
B07KY3BW4Z,58,1,False,False
B07KZ7MVS2,775,1,True,True
B07L3FDDPK,89,1,True,True
B07L3TSB2L,62,1,False,False
B07L4HWB84,12,1,False,False
B07L4J939X,36,1,False,False
B07L4K5GZ2,29,1,True,True
B07L4L5KQH,35,1,True,True
B07L4Q8913,1697,1,False,False
B07L4RFKMX,5,1,False,False
B07L513V3T,9,1,False,False
B07L58DXDT,11,1,False,False
B07L5XJXBV,13,1,False,False
B07L6CX4S2,95,1,True,True
B07L6WDVB5,33,1,False,False
B07L8PW81Z,61,1,False,False
B07L8ZVVRM,97,1,False,False
B07L92PSMP,87,1,False,False
B07L96G968,31,1,True,True
B07LB9HQ5Q,6,1,False,False
B07LC6CYPF,576,1,True,True
B07LCC5FP8,114,1,False,False
B07LFDM9Y2,17,1,False,False
B07LGNB9C2,59,1,True,True
B07LGQJ6MZ,14,1,False,False
B07LGX9764,277,1,False,False
B07LH1V85H,26,1,False,False
B07M5GZ6MK,41,1,True,True
B07M64BY4L,13,1,False,False
B07M65T2X3,66,1,False,False
B07M6P845R,361,1,False,False
B07M6R3CPB,314,1,True,True
B07M76LRH8,99,1,True,True
B07M84B75J,64,1,False,False
B07M8DWTSS,34,1,False,False
B07M8W6RNP,27,1,False,False
B07M9K1YQ2,140,1,True,True
B07M9Q7Y3F,206,1,False,False
B07M9T13S7,174,1,True,True
B07M9VCN22,415,1,False,False
B07MBGDZ1C,728,1,False,False
B07MBHK9SY,58,1,False,False
B07MCDT8FW,178,1,False,False
B07MCWWTHY,39,1,False,False
B07MD73G9G,4,1,True,True
B07MDPL3L3,1067,1,False,False
B07MF6QJBM,91,1,False,False
B07MF6W1ZB,444,1,False,False
B07MFD73GW,214,1,True,True
B07MFHZ532,135,1,False,False
B07MFKH76Y,2,1,False,False
B07MFSNRGR,12,1,True,True
B07MFT3Z61,59,1,False,False
B07MG3JS3W,70,1,True,True
B07MGQ7N18,66,1,False,False
B07MGRDDR2,213,1,True,True
B07MGYP8TK,98,1,True,True
B07MH4YCHZ,95,1,True,True
B07MHQCMT5,187,1,False,False
B07MHWDFQJ,36,1,False,False
B07MJQL1HC,4,1,False,False
B07MK7WSFZ,65,1,False,False
B07MKLMYYR,97,1,False,False
B07MKTKTDP,6,1,False,False
B07ML2C42G,13,1,False,False
B07ML6BPZM,13,1,False,False
B07MLRS85P,162,1,True,True
B07MM4BYWX,19,1,False,False
B07MN272XY,9,1,False,False
B07MNGB7D7,17,1,False,False
B07MNJCMQ6,33,1,True,True
B07MP9K6PB,74,1,True,True
B07MPMRN8V,137,1,True,True
B07MPNMGHS,2,1,False,False
B07MPSQXTJ,106,1,False,False
B07MPVWCSP,34,1,False,False
B07MQ8MPTK,29,1,False,False
B07MR9F661,5,1,False,False
B07MRMKV6C,5,1,True,True
B07MSFS3P5,27,1,True,True
B07MTFRKQM,52,1,False,False
B07MVGYXJ4,22,1,False,False
B07MVRL8CF,47,1,False,False
B07MVTCW4B,45,1,True,True
B07MW21SJ6,158,1,True,True
B07MWZ6NCV,261,1,True,True
B07MX4KJ3G,30,1,False,False
B07MX592VN,221,1,False,False
B07MXJ93K8,124,1,True,True
B07MXP3SHN,3,1,False,False
B07MXX6MV4,15,1,False,False
B07MY4G5QJ,6,1,False,False
B07MY715MQ,593,1,True,True
B07MY914RX,39,1,False,False
B07MYWQJZG,339,1,True,True
B07MYY3G38,77,1,False,False
B07MYZTD7K,210,1,False,False
B07MZHKSHS,10,1,False,False
B07N16FXN8,41,1,False,False
B07N1B6LHQ,23,1,False,False
B07N1GBV55,7,1,True,True
B07N1T38L6,65,1,False,False
B07N28G62S,41,1,False,False
B07N2MW3H8,4,1,True,True
B07N32GV5Q,188,1,False,False
B07N3W4JZQ,248,1,False,False
B07N4GNGDR,242,1,True,True
B07N63VJ67,89,1,False,False
B07N65JK77,386,1,True,True
B07N6GZZVS,10,1,False,False
B07N8FPJLQ,185,1,False,False
B07N985DN9,18,1,False,False
B07NBS5NQX,19,1,False,False
B07ND4SJYW,61,1,False,False
B07NDY12QY,547,1,True,True
B07NJ1B88Y,22,1,False,False
B07NJ1ZVJV,173,1,False,False
B07NKRLGJD,110,1,False,False
B07NL2YQSN,184,1,True,True
B07NM1PKJG,34,1,False,False
B07NMHNJG7,102,1,False,False
B07NMSBRSD,86,1,True,True
B07NNGSQGT,522,1,False,False
B07NNQXTQT,63,1,False,False
B07NNTDY7S,5,1,False,False
B07NNWRX76,262,1,True,True
B07NNZRYY9,75,1,True,True
B07NPVYP3W,108,1,False,False
B07NQDWQXS,274,1,True,True
B07NQJQZND,54,1,True,True
B07NQPZN7F,88,1,False,False
B07NRR2T4J,102,1,False,False
B07NSPG2SZ,139,1,False,False
B07NSW2H7Z,370,1,True,True
B07NTJ8YMR,280,1,False,False
B07NTRN8WG,273,1,True,True
B07NVCYM1Y,29,1,False,False
B07NVD43MD,41,1,False,False
B07NVFWZ6L,56,1,True,True
B07NWCRBFQ,17,1,True,True
B07NWR7HKD,34,1,False,False
B07NWT3SBS,44,1,False,False
B07NWTHC6N,78,1,False,False
B07NXQHJDW,29,1,False,False
B07NXSV1VY,24,1,False,False
B07NY9H3GP,525,1,True,True
B07NZ3SBS4,390,1,True,True
B07NZGJLK1,231,1,False,False
B07P17XB12,118,1,True,True
B07P1G63LZ,24,1,True,True
B07P2FK8JC,30,1,False,False
B07P2HW12P,263,1,True,True
B07P396KTC,137,1,True,True
B07P42BBHW,15,1,False,False
B07P4CRR3V,73,1,True,True
B07P53LK7L,9,1,False,False
B07P5BPP31,112,1,False,False
B07P5D2TH8,51,1,False,False
B07P5LMS6G,30,1,False,False
B07P5R84YP,293,1,True,True
B07P5X2F4X,44,1,False,False
B07P5Y2R1R,284,1,False,False
B07P5Z1NLQ,6,1,False,False
B07P63N3N6,69,1,False,False
B07P6FWYZD,7,1,False,False
B07P6PFHYL,33,1,False,False
B07P6ZRG7Q,17,1,False,False
B07P72V1BJ,65,1,True,True
B07P7FGG2P,4,1,False,False
B07P7GC89R,34,1,False,False
B07P7SX8JV,4,1,False,False
B07P8395DZ,45,1,False,False
B07P83NM96,274,1,True,True
B07P994BB2,6,1,True,True
B07P9Q4ZP8,481,1,True,True
B07PB98CZ8,34,1,True,True
B07PBFKSZQ,2,1,False,False
B07PBSM9C8,98,1,True,True
B07PBV3GWC,197,1,True,True
B07PCHV4NY,28,1,False,False
B07PDHHWVX,5,1,False,False
B07PDPVZBP,131,1,True,True
B07PDQSKM4,73,1,True,True
B07PF8LM9H,34,1,False,False
B07PFBZH3B,33,1,True,True
B07PFGDDTG,59,1,True,True
B07PFNC92M,22,1,True,True
B07PG1HY2N,88,1,True,True
B07PG1M8VG,188,1,False,False
B07PG6X3C4,150,1,True,True
B07PG8JG8Q,23,1,False,False
B07PH8LBP6,137,1,False,False
B07PHJ9BF2,25,1,False,False
B07PHRJD6F,27,1,True,True
B07PHRRFSB,55,1,False,False
B07PHXKZ77,20,1,True,True
B07PJM13YL,91,1,False,False
B07PJS5J1J,9,1,False,False
B07PK236PL,21,1,False,False
B07PLK7WCP,12,1,True,True
B07PLW5CWX,369,1,False,False
B07PMBTFT6,64,1,False,False
B07PMH3393,6,1,True,True
B07PMK9BPW,15,1,False,False
B07PMKCTDG,4,1,True,True
B07PMKK5H4,60,1,True,True
B07PMVD7DY,22,1,False,False
B07PMW61SG,107,1,True,True
B07PMZV12M,74,1,True,True
B07PNG986F,166,1,True,True
B07PNLHL9W,15,1,False,False
B07PNP7GTF,89,1,True,True
B07PNZ1SPL,1,1,False,False
B07PPFCZCG,283,1,True,True
B07PPZK8DK,7,1,True,True
B07PQ6Q7CP,19,1,False,False
B07PQ7YWLN,15,1,False,False
B07PQHLFFM,215,1,True,True
B07PQQNKF3,59,1,False,False
B07PQWGCXW,18,1,False,False
B07PRB39KN,2,1,True,True
B07PRCHS4M,48,1,True,True
B07PS9JDNX,148,1,True,True
B07PS9S15V,15,1,False,False
B07PSB6FSN,64,1,True,True
B07PSDJL6N,124,1,False,False
B07PSDXVY2,96,1,False,False
B07PT49TXB,152,1,False,False
B07PV1Q979,58,1,False,False
B07PV32B1J,36,1,False,False
B07PV7LG9C,17,1,False,False
B07PV9JGKQ,5,1,True,True
B07PVF5N23,7,1,False,False
B07PVKHZLJ,209,1,False,False
B07PVYTRX8,14,1,True,True
B07PWQ2SBQ,17,1,True,True
B07PX1RQG1,43,1,False,False
B07PXGL587,96,1,True,True
B07PXLPDH6,1,1,False,False
B07PXP7DW5,823,1,True,True
B07PXPTL4S,307,1,True,True
B07PXR5FSG,135,1,False,False
B07PXRFJNT,121,1,True,True
B07PY8ZMVK,46,1,False,False
B07PYHJLMW,43,1,False,False
B07PYTGL23,34,1,True,True
B07PZ5PLB8,97,1,True,True
B07PZ6WZ82,42,1,False,False
B07Q13CM4S,195,1,False,False
B07Q1G1JGY,23,1,False,False
B07Q1L783P,172,1,True,True
B07Q1W787B,29,1,False,False
B07Q2159LQ,24,1,False,False
B07Q28F9JY,68,1,False,False
B07Q2HG111,73,1,False,False
B07Q2NWZFC,34,1,True,True
B07Q2VSRC6,98,1,False,False
B07Q3471S2,724,1,True,True
B07Q34ZKLF,1199,1,True,True
B07Q4G77XJ,42,1,False,False
B07Q4RPQHG,22,1,False,False
B07Q5GWXCN,265,1,False,False
B07Q5L83BD,28,1,False,False
B07Q5TYPFQ,949,1,True,True
B07Q6X4H9N,145,1,True,True
B07Q79N7B6,63,1,False,False
B07Q83HDQC,35,1,False,False
B07Q85FBVP,3,1,False,False
B07Q8FDXR5,99,1,True,True
B07Q8K1TLH,117,1,False,False
B07Q8SM65P,91,1,False,False
B07Q9KF5PH,8,1,True,True
B07Q9L8DL4,5,1,True,True
B07Q9QCQRY,2,1,False,False
B07QBPTKKL,92,1,False,False
B07QC2F4MK,61,1,False,False
B07QC6RKDF,13,1,False,False
B07QCHXZ4S,4,1,False,False
B07QCLHXWG,70,1,False,False
B07QCS37HW,45,1,False,False
B07QF4G4TD,264,1,False,False
B07QF92WMF,37,1,False,False
B07QFWYBLF,196,1,False,False
B07QG6L82D,107,1,False,False
B07QGSR9CY,21,1,False,False
B07QGVT4HB,128,1,False,False
B07QGVZXQF,35,1,True,True
B07QGW3LXM,115,1,True,True
B07QH17DGX,58,1,True,True
B07QH46GXD,4,1,True,True
B07QH6MVDR,4,1,True,True
B07QHT1GHS,71,1,False,False
B07QHZK8GD,52,1,True,True
B07QJ1JZK6,433,1,True,True
B07QJXD2VP,273,1,False,False
B07QK4ZPS6,11,1,True,True
B07QKCH86F,17,1,True,True
B07QKK1DRH,31,1,False,False
B07QKMXSBW,296,1,False,False
B07QKSH6MB,30,1,False,False
B07QKVHLYQ,29,1,False,False
B07QKX4XFB,4,1,False,False
B07QL3NDPS,29,1,True,True
B07QLP9SY4,3,1,False,False
B07QLQDWCH,33,1,True,True
B07QLTYKDW,145,1,True,True
B07QM5568M,31,1,True,True
B07QMDW2Y8,13,1,False,False
B07QMKJYR4,85,1,False,False
B07QMLP1YL,23,1,False,False
B07QNDL29C,44,1,False,False
B07QNHQ6Y4,146,1,True,True
B07QP6ZX55,10,1,True,True
B07QPFXTZY,26,1,False,False
B07QPM8YLY,11,1,False,False
B07QPS22MW,65,1,True,True
B07QPS3WY9,41,1,True,True
B07QQ24QXY,59,1,True,True
B07QQXRWGT,109,1,False,False
B07QR49L5B,2,1,False,False
B07QR5YKW4,32,1,True,True
B07QRZXFT1,66,1,True,True
B07QS2JSY2,3,1,False,False
B07QS3MPZY,13,1,True,True
B07QS6DDFC,217,1,True,True
B07QSV436R,61,1,False,False
B07QTWKT8Q,95,1,True,True
B07QTX4J2D,3,1,False,False
B07QTZCQ8Y,385,1,True,True
B07QV155VX,9,1,False,False
B07QV4FZX8,106,1,False,False
B07QV68GCD,22,1,False,False
B07QVM1XP1,17,1,False,False
B07QVPT6T2,337,1,False,False
B07QVWZ1HM,127,1,True,True
B07QVXT98X,36,1,True,True
B07QW28Z6G,36,1,False,False
B07QW5QDHB,13,1,False,False
B07QWB2K3L,15,1,False,False
B07QWJG68W,288,1,False,False
B07QXQGQNS,1,1,False,False
B07QXT717K,200,1,True,True
B07QXVR329,11,1,False,False
B07QY5F7HC,62,1,True,True
B07QYFR421,12,1,False,False
B07QYQFTCH,3,1,False,False
B07QZC83GS,57,1,True,True
B07QZMNDT2,114,1,False,False
B07QZPDRW8,23,1,True,True
B07QZPLVKL,24,1,False,False
B07QZPNP2J,166,1,False,False
B07QZX67RX,65,1,True,True
B07R1HCP2C,5,1,False,False
B07R1J6CQ6,22,1,True,True
B07R1XMCKH,42,1,False,False
B07R3CPJR9,5,1,True,True
B07R3K253H,224,1,False,False
B07R3S8CBJ,104,1,False,False
B07R476VS8,9,1,False,False
B07R48VP3D,245,1,False,False
B07R4MY1L2,93,1,True,True
B07R4NND99,148,1,False,False
B07R5FG818,231,1,False,False
B07R5YH7YN,272,1,False,False
B07R65Q9X7,112,1,True,True
B07R6LLCP1,22,1,True,True
B07R6MDRMJ,38,1,False,False
B07R6W31BT,28,1,True,True
B07R7KKWVH,73,1,True,True
B07R7LC8DJ,660,1,True,True
B07R7PCCT9,223,1,False,False
B07R7V2WNY,6,1,False,False
B07R822DQW,60,1,False,False
B07R8T1DFH,15,1,True,True
B07R8XZB83,17,1,True,True
B07R9QV1HC,42,1,True,True
B07R9RLR11,141,1,False,False
B07R9RY2WT,278,1,True,True
B07R9SK9H8,5,1,False,False
B07R9VNL32,23,1,False,False
B07R9YVRH5,43,1,True,True
B07R9ZR45J,67,1,False,False
B07RBNBGMZ,147,1,False,False
B07RBRD4LD,10,1,False,False
B07RDJ3L6M,153,1,True,True
B07RDLMTWP,75,1,True,True
B07RDMJZN2,7,1,False,False
B07RDQHXDF,63,1,True,True
B07RF2MKNP,2,1,False,False
B07RF8PQ1R,14,1,True,True
B07RG6QXRP,34,1,False,False
B07RGGCJB4,202,1,False,False
B07RGND8XW,134,1,False,False
B07RGTJBY7,103,1,False,False
B07RGTV4DX,57,1,True,True
B07RHNZKRL,262,1,False,False
B07RHPXT5K,144,1,False,False
B07RHSBYWC,57,1,False,False
B07RHW5T9V,61,1,True,True
B07RHXK3J4,45,1,False,False
B07RHYN1ZZ,113,1,False,False
B07RJB55V1,32,1,False,False
B07RJCXT56,12,1,False,False
B07RJG81FS,10,1,False,False
B07RJPBLVJ,16,1,False,False
B07RJT3TK1,50,1,True,True
B07RJYZHN1,254,1,False,False
B07RK1RW15,206,1,False,False
B07RL1T35R,4,1,True,True
B07RL2LY1M,179,1,False,False
B07RL3SY2K,35,1,True,True
B07RL6VPWP,99,1,False,False
B07RLGFHF1,40,1,False,False
B07RLPW1GH,65,1,True,True
B07RLWTQDQ,9,1,False,False
B07RLYF79G,19,1,True,True
B07RLZWKCW,90,1,False,False
B07RM5JYDS,190,1,True,True
B07RM687SV,47,1,False,False
B07RMTBQJ8,37,1,True,True
B07RMZWTR5,8,1,False,False
B07RNG24XN,10,1,False,False
B07RNKQXJN,10,1,False,False
B07RP2HMR8,28,1,False,False
B07RPDQD9Y,21,1,True,True
B07RPM8FGZ,43,1,False,False
B07RPWVYJV,29,1,False,False
B07RQ44ZTX,59,1,True,True
B07RQRPM2H,38,1,False,False
B07RQS3T45,14,1,False,False
B07RQXQNGN,51,1,True,True
B07RQYBYS8,127,1,True,True
B07RRXWRKL,144,1,False,False
B07RS2NV9J,141,1,True,True
B07RSRWVX9,69,1,True,True
B07RT5DZ2Y,46,1,False,False
B07RT5SDR4,46,1,False,False
B07RTJGRNS,14,1,False,False
B07RTWKQ7P,161,1,True,True
B07RV1CB6L,72,1,True,True
B07RV6HBJZ,35,1,True,True
B07RV6W3WH,164,1,True,True
B07RVFW5H7,142,1,False,False
B07RWNK1PT,4,1,False,False
B07RWZ6GHP,10,1,True,True
B07RX3JWSB,46,1,False,False
B07RXH5BC7,9,1,False,False
B07RXJGHML,217,1,True,True
B07RXK93YZ,243,1,True,True
B07RXL4ZPS,10,1,True,True
B07RXQ8ZCB,100,1,True,True
B07RY7RX93,268,1,False,False
B07RYF665N,108,1,False,False
B07RYK4SJT,22,1,False,False
B07RYQ2DD7,129,1,True,True
B07RZ3VDBV,13,1,True,True
B07RZ44W7X,84,1,True,True
B07RZ4N9QN,166,1,False,False
B07RZ6MPL2,9,1,False,False
B07RZCFCDD,49,1,True,True
B07RZSBSHJ,328,1,True,True
B07RZW8B2F,251,1,True,True
B07RZWKJ12,120,1,True,True
B07RZXKRKW,5,1,False,False
B07RZYSL1Q,21,1,False,False
B07S1CX21W,230,1,True,True
B07S1W15YD,42,1,True,True
B07S21D7K4,58,1,False,False
B07S2D5VTQ,164,1,False,False
B07S2TF877,14,1,False,False
B07S32BFZZ,56,1,False,False
B07S32TB5X,52,1,False,False
B07S367T9Y,3,1,True,True
B07S37LLPJ,186,1,True,True
B07S3TXD9H,46,1,False,False
B07S3XHMP1,36,1,False,False
B07S5HSJRG,31,1,True,True
B07S5YSCJ7,27,1,False,False
B07S5ZNV37,11,1,False,False
B07S62B96W,60,1,True,True
B07S72HCWG,33,1,False,False
B07S773WGT,1,1,True,True
B07S7DVT33,1274,1,False,False
B07S7S5G7B,35,1,True,True
B07S7WCN2J,18,1,True,True
B07S7YKNG8,41,1,False,False
B07S88MM6X,23,1,False,False
B07S8MJV2Y,36,1,False,False
B07S8TBBWJ,81,1,False,False
B07S939V8K,21,1,False,False
B07S9QJPPW,147,1,True,True
B07S9QSZCZ,56,1,False,False
B07S9VV9Y1,144,1,False,False
B07S9ZZ4HC,7,1,False,False
B07SB59XYZ,8,1,True,True
B07SB739KC,23,1,False,False
B07SBDW1ZB,17,1,True,True
B07SBM5TZH,168,1,True,True
B07SBSYMDD,48,1,False,False
B07SBVR2MB,51,1,True,True
B07SCXTQJR,42,1,False,False
B07SCZLYDR,111,1,False,False
B07SD3L9HR,82,1,True,True
B07SDQD21N,104,1,True,True
B07SDS14TH,18,1,False,False
B07SFLN62C,3,1,False,False
B07SFTZ5YT,125,1,True,True
B07SG5V4MD,4,1,True,True
B07SG8TJ8G,10,1,False,False
B07SGCPGP3,87,1,False,False
B07SGD72PX,150,1,False,False
B07SH14BSL,12,1,False,False
B07SH49HBZ,8,1,False,False
B07SHBQY7Z,469,1,True,True
B07SHLS639,245,1,True,True
B07SJ3YT7Y,2,1,False,False
B07SJSPGPP,95,1,False,False
B07SJWB7SF,35,1,True,True
B07SKNGJR7,60,1,True,True
B07SL4NSS1,92,1,True,True
B07SLQ4DM5,31,1,True,True
B07SLQX19Z,120,1,False,False
B07SLR4SKQ,112,1,True,True
B07SMLRBDV,49,1,False,False
B07SNSZ1PK,128,1,True,True
B07SPVFHTW,9,1,False,False
B07SPXXZ57,13,1,False,False
B07SQ1816H,1,1,True,True
B07SQ3P9JN,2,1,False,False
B07SQ7HFGN,14,1,False,False
B07SQ7Q98S,14,1,False,False
B07SQCGQY9,42,1,False,False
B07SQDJKTW,31,1,False,False
B07SQWZBHK,4,1,False,False
B07SQXTJBR,138,1,True,True
B07SQYCQL4,103,1,True,True
B07SR1TGXX,50,1,False,False
B07SR28BGS,2,1,False,False
B07SRS2QBR,4,1,False,False
B07SRS8RQ4,13,1,True,True
B07SS9F3CK,15,1,False,False
B07SS9K2QC,17,1,True,True
B07SSRG3FH,72,1,False,False
B07STT927R,23,1,False,False
B07SV5MGDB,144,1,True,True
B07SVT5NMQ,15,1,True,True
B07SVY9SZ8,9,1,True,True
B07SW36N8H,54,1,True,True
B07SX3GWMV,41,1,False,False
B07SX6GSM7,15,1,True,True
B07SX8JJF5,19,1,True,True
B07SYLNLSB,45,1,True,True
B07SYP8W6Z,24,1,False,False
B07SZD5VXR,1,1,False,False
B07SZKDK9X,312,1,True,True
B07SZLT23D,39,1,True,True
B07SZLZC3G,19,1,False,False
B07SZMZFPX,49,1,False,False
B07T17YH1T,684,1,True,True
B07T17ZNG7,17,1,False,False
B07T1HSLFY,38,1,False,False
B07T1Q53J1,72,1,False,False
B07T1Q5KRD,124,1,True,True
B07T1QGR72,3,1,True,True
B07T2H1JWG,19,1,False,False
B07T2H8K6R,103,1,False,False
B07T2MF9ZJ,460,1,False,False
B07T2YLV5T,42,1,False,False
B07T326DPF,15,1,True,True
B07T3D3TQR,26,1,True,True
B07T4443KB,55,1,False,False
B07T4LGXC6,20,1,False,False
B07T4PC6HK,4,1,False,False
B07T4XVTYZ,56,1,True,True
B07T587QML,19,1,True,True
B07T59SVVS,15,1,True,True
B07T5D2LTG,123,1,False,False
B07T5FGFVQ,40,1,False,False
B07T65ZHS4,18,1,False,False
B07T6D8J26,61,1,True,True
B07T72D5ZF,4,1,False,False
B07T7D2ZX5,12,1,True,True
B07T7D3ZHV,100,1,True,True
B07T7M8PW1,23,1,True,True
B07T7Z3VHQ,6,1,False,False
B07T82MYZY,30,1,True,True
B07T8424W6,52,1,True,True
B07T88GCMY,45,1,True,True
B07T8JBLFV,115,1,True,True
B07T8LXPSS,239,1,False,False
B07T8TRBNQ,317,1,True,True
B07T946DLT,22,1,True,True
B07T97HC2R,88,1,True,True
B07T9H6GR5,29,1,True,True
B07T9QHM88,5,1,True,True
B07T9YDBX1,1,1,False,False
B07TB1NG2Q,31,1,True,True
B07TB5DLDT,10,1,False,False
B07TBMT9L5,8,1,False,False
B07TBYNT3L,41,1,True,True
B07TBZZXDV,13,1,False,False
B07TC2M2WK,244,1,False,False
B07TC3JFJB,91,1,True,True
B07TCS6PSY,14,1,True,True
B07TD4NX6G,71,1,True,True
B07TD56DRC,5,1,True,True
B07TDHHH2Z,53,1,False,False
B07TF4H2XH,375,1,True,True
B07TF8N6GH,95,1,True,True
B07TFD6SQ8,8,1,False,False
B07TFHMBZN,137,1,False,False
B07TFKB7GD,45,1,False,False
B07TH3NCT9,116,1,True,True
B07THJ5FQS,7,1,False,False
B07THYJRHY,5,1,False,False
B07TJDS27J,6,1,True,True
B07TJVXNHX,74,1,True,True
B07TJX7Z44,243,1,False,False
B07TJY3TPX,17,1,True,True
B07TKHVH76,131,1,False,False
B07TKLMJ2X,31,1,True,True
B07TL8NX9W,43,1,False,False
B07TLCBKJK,31,1,True,True
B07TLM55HQ,19,1,False,False
B07TLQFTHT,176,1,False,False
B07TLST6SJ,275,1,True,True
B07TMF6YDS,6,1,False,False
B07TMMTDVJ,15,1,False,False
B07TMPYHH6,10,1,True,True
B07TNHV8SN,56,1,False,False
B07TNS3D4X,92,1,True,True
B07TNZ3X8C,205,1,True,True
B07TP6SCWR,18,1,True,True
B07TP7VC5J,19,1,True,True
B07TQ4ZBZ4,177,1,False,False
B07TQLGGBR,93,1,False,False
B07TRVZZCS,1,1,True,True
B07TS27V2X,56,1,False,False
B07TS4NZT7,75,1,True,True
B07TS5RYML,95,1,True,True
B07TT61RWD,96,1,False,False
B07TT82LDJ,103,1,True,True
B07TT98B1J,31,1,False,False
B07TTBGBYJ,88,1,True,True
B07TTCSP86,182,1,False,False
B07TTFFFKZ,164,1,False,False
B07TTLXG7Q,16,1,False,False
B07TV2CDWR,10,1,False,False
B07TV5BCVW,185,1,True,True
B07TVBJCBG,12,1,False,False
B07TVBWNJ2,6,1,False,False
B07TVHTJXQ,37,1,False,False
B07TVSQF5S,12,1,False,False
B07TWFK7JW,307,1,False,False
B07TWK6Z6N,76,1,True,True
B07TWQPN7W,359,1,True,True
B07TX4WWJF,22,1,False,False
B07TXF6CGB,34,1,True,True
B07TXFS13R,71,1,True,True
B07TXHBZZM,38,1,True,True
B07TXJKDNF,1,1,False,False
B07TXNL5VH,18,1,True,True
B07TXVP3VD,1,1,False,False
B07TY42R8Z,15,1,True,True
B07TYKK7B9,64,1,False,False
B07TYM9573,34,1,True,True
B07TYTYJDJ,193,1,False,False
B07TYWBGRH,1,1,False,False
B07TYWCFRK,44,1,True,True
B07TYZ2S1K,96,1,False,False
B07TYZRGHF,106,1,True,True
B07TZ4FL9Z,271,1,True,True
B07TZM4ZWW,13,1,True,True
B07TZNKK5Z,29,1,False,False
B07V1GRDH8,39,1,False,False
B07V1MKD8S,10,1,True,True
B07V26RPFV,198,1,True,True
B07V2HKR3V,236,1,False,False
B07V2KRF49,5,1,False,False
B07V2MLVQH,26,1,True,True
B07V2STMZB,67,1,False,False
B07V2XQMBC,49,1,False,False
B07V2YBQN1,972,1,True,True
B07V313R86,74,1,False,False
B07V32P2S2,88,1,True,True
B07V34RGQB,37,1,True,True
B07V35K6YD,57,1,False,False
B07V3C2GZL,4,1,False,False
B07V3D6P7Y,6,1,False,False
B07V3H62CL,37,1,True,True
B07V3K49CT,109,1,True,True
B07V3VF4HF,12,1,False,False
B07V49M46Z,29,1,False,False
B07V4BVL99,85,1,True,True
B07V513K4V,66,1,True,True
B07V5GZZH4,24,1,False,False
B07V5X5ZK1,106,1,False,False
B07V5XKC2M,11,1,False,False
B07V6F4QC7,45,1,False,False
B07V6FKHMX,306,1,True,True
B07V6M2M2Z,113,1,True,True
B07V6PD75X,12,1,False,False
B07V6X7DW1,96,1,True,True
B07V7222WD,35,1,False,False
B07V7CRTTR,34,1,True,True
B07V7VJ5GB,9,1,True,True
B07V7Z4JZJ,9,1,False,False
B07V85S878,20,1,True,True
B07V8GSY9X,23,1,True,True
B07V8K3NH8,37,1,True,True
B07V9FLC46,2,1,False,False
B07V9L6FBC,18,1,True,True
B07VB2C8N9,620,1,True,True
B07VBDKZJ1,34,1,False,False
B07VBDZKZZ,44,1,True,True
B07VBHQ8P6,115,1,True,True
B07VBJP5MJ,66,1,True,True
B07VBLF524,27,1,False,False
B07VC5GHMW,16,1,False,False
B07VC7CGVQ,73,1,False,False
B07VC83MX1,42,1,True,True
B07VCBS6D5,80,1,True,True
B07VCN7234,36,1,True,True
B07VCRJ9ZM,182,1,True,True
B07VCXJ4VF,226,1,True,True
B07VD1X9VB,48,1,True,True
B07VD5VCJW,100,1,True,True
B07VDFZ978,18,1,True,True
B07VDH6Q4V,9,1,False,False
B07VDRJ8DK,28,1,False,False
B07VDSF1X3,62,1,True,True
B07VF89949,36,1,True,True
B07VFH641Z,103,1,True,True
B07VFLKZ3G,14,1,False,False
B07VFLM1N8,57,1,True,True
B07VFNFWD4,80,1,True,True
B07VFT1Z4P,71,1,True,True
B07VGDXW81,22,1,True,True
B07VGJDGKZ,158,1,True,True
B07VGJS45M,46,1,True,True
B07VGPSJV3,18,1,False,False
B07VGQ133Z,10,1,False,False
B07VGQFL2G,48,1,False,False
B07VGQPW7F,11,1,False,False
B07VGVZ8NH,108,1,False,False
B07VHCJ33Z,121,1,True,True
B07VHM97RL,4,1,False,False
B07VHMWL7C,7,1,False,False
B07VHPN5VH,24,1,True,True
B07VJ3K4XP,66,1,False,False
B07VJ496T6,274,1,True,True
B07VJ5VX3S,15,1,True,True
B07VJLH3KX,18,1,False,False
B07VJLL42V,7,1,False,False
B07VJMTTST,315,1,True,True
B07VJNQZFQ,198,1,True,True
B07VJWX4K4,21,1,False,False
B07VJYRLK8,84,1,False,False
B07VK1SFG2,22,1,False,False
B07VK5J944,694,1,True,True
B07VK6TJ79,459,1,False,False
B07VK7N27X,80,1,True,True
B07VL15R8Z,28,1,True,True
B07VL1668Q,151,1,True,True
B07VL2RJ27,8,1,False,False
B07VL7GNL4,12,1,True,True
B07VL7Q78S,104,1,True,True
B07VL7XYY6,52,1,False,False
B07VL8K56P,298,1,True,True
B07VLFZH8G,67,1,False,False
B07VLG7LRV,89,1,True,True
B07VLL899M,8,1,False,False
B07VLQ31HC,3,1,False,False
B07VML4KL6,9,1,False,False
B07VMRQHV5,192,1,True,True
B07VN67CNB,20,1,False,False
B07VNFQKR8,5,1,False,False
B07VNKQR15,277,1,False,False
B07VNW7FPZ,32,1,False,False
B07VNX5V26,19,1,False,False
B07VPCK8C2,18,1,False,False
B07VPMTWMC,116,1,False,False
B07VPNLLM5,132,1,False,False
B07VQ77QNM,11,1,False,False
B07VQ7VT28,183,1,True,True
B07VQFJ48Z,34,1,True,True
B07VQH1YCW,9,1,False,False
B07VQP5M7P,29,1,False,False
B07VQR5MPN,158,1,False,False
B07VQT4HR2,132,1,False,False
B07VR45Y4N,24,1,True,True
B07VRBB5YC,70,1,True,True
B07VRLMVY2,112,1,True,True
B07VRNC8R9,3,1,False,False
B07VRNF72J,97,1,True,True
B07VS26SL9,12,1,False,False
B07VS2BDGF,20,1,False,False
B07VSF9WS9,70,1,False,False
B07VSMKYY7,63,1,True,True
B07VSYL8TB,19,1,True,True
B07VT4NRVX,6,1,True,True
B07VT5KTLC,12,1,False,False
B07VT5ZCK5,61,1,False,False
B07VTPJRGS,155,1,True,True
B07VVFWT1M,118,1,True,True
B07VVG7H19,5,1,False,False
B07VVK2RZS,99,1,True,True
B07VVQ8K7P,35,1,False,False
B07VW62TLT,85,1,True,True
B07VW8TPSB,31,1,True,True
B07VWB716R,716,1,True,True
B07VWHTW65,3,1,False,False
B07VWK5W96,51,1,True,True
B07VWNRLRX,28,1,True,True
B07VWPGSN5,37,1,False,False
B07VWRR7CW,272,1,True,True
B07VXNGDLJ,427,1,False,False
B07VYJ6JCD,144,1,False,False
B07VYS278H,13,1,True,True
B07VZ7S6CQ,5,1,False,False
B07VZBBC9K,115,1,True,True
B07VZFQQHD,24,1,False,False
B07VZLYY3Q,57,1,True,True
B07VZM7RN7,342,1,False,False
B07VZYXNWC,63,1,True,True
B07W11GTYF,98,1,True,True
B07W124YGK,26,1,False,False
B07W1FKRD1,4,1,True,True
B07W1WZ93C,27,1,False,False
B07W1XZ8NV,42,1,True,True
B07W2154Y4,105,1,False,False
B07W21G2NK,48,1,False,False
B07W372LBL,177,1,False,False
B07W3LZK7Y,22,1,False,False
B07W3VKG2F,3,1,True,True
B07W423P5C,24,1,True,True
B07W46QV5J,144,1,True,True
B07W47RDJS,112,1,True,True
B07W4G88Q2,49,1,True,True
B07W4H5116,194,1,True,True
B07W4HQ1L2,501,1,False,False
B07W4JGNBS,233,1,True,True
B07W4KP1WN,78,1,True,True
B07W4Q9SZX,13,1,True,True
B07W4YF8HY,47,1,False,False
B07W4YMVQJ,27,1,True,True
B07W575TZQ,17,1,True,True
B07W59TTB7,2,1,True,True
B07W5HMSG3,27,1,False,False
B07W5MB6HX,108,1,True,True
B07W5SL5KS,86,1,True,True
B07W5VC5S2,56,1,True,True
B07W5WKSMP,14,1,False,False
B07W6F48QX,13,1,False,False
B07W6KQR87,73,1,False,False
B07W6MHFFV,129,1,True,True
B07W6NF7MZ,8,1,False,False
B07W6SPBGK,21,1,False,False
B07W6SR11N,25,1,True,True
B07W6XQN7Z,2,1,True,True
B07W7CVF3J,50,1,False,False
B07W7KV5DM,70,1,True,True
B07W83ZFZM,1,1,False,False
B07W8C89SZ,43,1,False,False
B07W8F3X8W,79,1,True,True
B07W8FH6X6,12,1,True,True
B07W8FP3JS,75,1,True,True
B07W8SL65G,59,1,True,True
B07W8TQ2QL,43,1,True,True
B07W8V9TCQ,85,1,True,True
B07W8XXBR2,36,1,False,False
B07W96YXQY,177,1,False,False
B07W97LWL7,202,1,True,True
B07W9HMZD2,2,1,False,False
B07W9K6SZD,6,1,False,False
B07WC4PQJ5,104,1,True,True
B07WC57LJ2,546,1,True,True
B07WC8S774,13,1,True,True
B07WC8TH8T,43,1,True,True
B07WCH8L5R,246,1,False,False
B07WCPY8N1,30,1,False,False
B07WCVG4D6,160,1,True,True
B07WCW92Y6,91,1,True,True
B07WD872MQ,8,1,False,False
B07WD9RG5D,35,1,True,True
B07WDH78RK,23,1,True,True
B07WDKBM9P,147,1,True,True
B07WDNG8DY,2,1,False,False
B07WDQCCM8,30,1,True,True
B07WDQF73N,16,1,False,False
B07WDRD583,34,1,False,False
B07WDWCTGW,304,1,True,True
B07WF779F6,102,1,True,True
B07WF7TVRZ,72,1,True,True
B07WFGBGWP,138,1,False,False
B07WFNDTRG,13,1,True,True
B07WFS7MJG,152,1,True,True
B07WFV59WD,17,1,True,True
B07WFXVPZC,251,1,True,True
B07WFYTLCK,27,1,False,False
B07WG3BB13,13,1,False,False
B07WG58LP2,2,1,False,False
B07WG5C8Z3,21,1,False,False
B07WGN94RV,5,1,True,True
B07WGV3CS4,19,1,True,True
B07WH4Y1G2,100,1,False,False
B07WHGCT5Q,85,1,True,True
B07WHGZLK8,248,1,True,True
B07WHL2XLZ,174,1,False,False
B07WHLFGXX,6,1,False,False
B07WHY5DBT,723,1,True,True
B07WJ7S74Q,9,1,True,True
B07WJL6CFZ,48,1,True,True
B07WJXGHG8,14,1,False,False
B07WJY5P1V,46,1,False,False
B07WK5DYDP,362,1,True,True
B07WK85KSW,202,1,True,True
B07WKDQHVQ,17,1,True,True
B07WKL3DSF,68,1,False,False
B07WLC5JC8,31,1,False,False
B07WLD8P5V,31,1,True,True
B07WLQ7DYC,10,1,True,True
B07WMQ39W1,3,1,True,True
B07WMQNYZM,23,1,True,True
B07WMRJP8R,108,1,False,False
B07WMVCSTJ,96,1,False,False
B07WMXNRZ2,104,1,False,False
B07WN2F77W,214,1,True,True
B07WNF4TS7,60,1,False,False
B07WNFM8LS,5,1,True,True
B07WNH8267,200,1,True,True
B07WNK3JVY,28,1,False,False
B07WNLB96L,14,1,False,False
B07WP4Z3KX,38,1,False,False
B07WPBD5PQ,33,1,True,True
B07WPCSJR3,158,1,False,False
B07WPCXL5H,103,1,False,False
B07WPSL955,150,1,False,False
B07WPVBNR3,29,1,False,False
B07WPX8TTC,25,1,True,True
B07WQX47YJ,62,1,True,True
B07WR6QV8G,25,1,False,False
B07WR9R399,27,1,False,False
B07WRQZD3C,17,1,True,True
B07WRTGHSN,24,1,False,False
B07WRVKCVV,12,1,True,True
B07WS4XS76,52,1,True,True
B07WS59SP4,32,1,False,False
B07WSL9MY4,22,1,False,False
B07WSRK9G7,27,1,False,False
B07WSTBBM3,37,1,True,True
B07WT7C65V,412,1,True,True
B07WT7SYPZ,45,1,False,False
B07WT8HYNR,34,1,True,True
B07WTCS9VK,6,1,True,True
B07WTDKQZD,53,1,False,False
B07WTPCVH2,38,1,True,True
B07WTYFZQ8,149,1,False,False
B07WV6LT2X,174,1,True,True
B07WVT6Y7F,16,1,False,False
B07WVWFJFM,19,1,True,True
B07WVXLSFR,86,1,False,False
B07WW339NR,104,1,True,True
B07WWG151L,1095,1,False,False
B07WX5DG7T,58,1,False,False
B07WX7ZF31,111,1,False,False
B07WXH2VSQ,55,1,True,True
B07WYGR91H,149,1,False,False
B07WYXMMMC,31,1,True,True
B07WYYNBR4,3,1,True,True
B07WYYWDTW,147,1,True,True
B07WZD7JGL,33,1,False,False
B07WZHS8JZ,47,1,False,False
B07WZQQC24,56,1,True,True
B07WZT3X5J,15,1,False,False
B07X1GYDVR,10,1,False,False
B07X1H2R65,15,1,True,True
B07X1R8QYB,16,1,True,True
B07X1RV55D,71,1,True,True
B07X1VP6BC,7,1,False,False
B07X1X3D5S,5,1,True,True
B07X1XV3K2,5,1,False,False
B07X2M8KTR,182,1,False,False
B07X2XGVKB,6,1,False,False
B07X34VB58,22,1,True,True
B07X39PQ6Y,20,1,False,False
B07X3CG922,34,1,False,False
B07X3QWS23,13,1,False,False
B07X41JXJ7,19,1,False,False
B07X42FKBZ,73,1,True,True
B07X46Z944,112,1,True,True
B07X4W7YLL,8,1,False,False
B07X4ZYR5Q,5,1,False,False
B07X5221N1,1,1,False,False
B07X598X6V,8,1,True,True
B07X5J7JGS,21,1,False,False
B07X6CPC29,50,1,True,True
B07X6CXMBV,16,1,False,False
B07X6T9NCB,42,1,False,False
B07X75PWNN,9,1,False,False
B07X87P5JR,171,1,True,True
B07X8FDC1P,47,1,True,True
B07X8FY9WH,22,1,False,False
B07X8V3SLM,157,1,False,False
B07X8X611W,20,1,False,False
B07X8ZMXQZ,22,1,True,True
B07X9MC4FG,110,1,False,False
B07X9TNKQP,12,1,True,True
B07X9X169X,1,1,True,True
B07XB3N7XD,25,1,False,False
B07XBCX8TH,2,1,False,False
B07XBGKJT4,55,1,True,True
B07XBZQ8MV,28,1,False,False
B07XCBLMXR,44,1,True,True
B07XCCCFRF,66,1,True,True
B07XCGTVYD,30,1,True,True
B07XCLF624,100,1,False,False
B07XCMGHWK,27,1,True,True
B07XCNXY4N,317,1,True,True
B07XCV8K1C,59,1,True,True
B07XCVXJBL,10,1,False,False
B07XCWRF4S,3,1,True,True
B07XCWST8Q,51,1,True,True
B07XCZCZPY,146,1,True,True
B07XD3NCKT,162,1,True,True
B07XD7M544,60,1,True,True
B07XDBLQJ2,3,1,True,True
B07XDGVDFW,156,1,True,True
B07XDH13DM,337,1,True,True
B07XDM7B3Z,7,1,True,True
B07XDQX7P3,263,1,True,True
B07XF2RB3H,245,1,True,True
B07XF5489G,106,1,False,False
B07XFMCH51,1,1,False,False
B07XG2XNP8,25,1,True,True
B07XG4DMYG,6,1,True,True
B07XG4T14Q,38,1,True,True
B07XG6HQT3,54,1,True,True
B07XG7FBDW,28,1,True,True
B07XG9BQP8,80,1,True,True
B07XGC17SL,42,1,True,True
B07XGJ6Y2F,168,1,False,False
B07XGJNTYC,112,1,True,True
B07XGK4QYM,2,1,True,True
B07XH15196,101,1,False,False
B07XHKN8QL,506,1,True,True
B07XHKWDJM,97,1,False,False
B07XJ42NRV,49,1,True,True
B07XJBTNBM,24,1,True,True
B07XJMKVP4,308,1,True,True
B07XJNFJZT,4,1,True,True
B07XJPQTFV,2,1,True,True
B07XJT1S81,11,1,True,True
B07XK19GH1,104,1,True,True
B07XK2X71N,11,1,False,False
B07XK897RN,10,1,False,False
B07XKJ3L59,121,1,True,True
B07XKRMTCM,28,1,True,True
B07XKSLTJ4,9,1,True,True
B07XLHRZVT,1,1,False,False
B07XLMKXLM,145,1,True,True
B07XLQWP63,67,1,False,False
B07XLVB8PD,51,1,False,False
B07XM3MBKK,73,1,True,True
B07XM7XTCM,288,1,True,True
B07XMBS2P7,22,1,True,True
B07XMLH8CM,12,1,True,True
B07XNJ4T3Z,1,1,False,False
B07XNTCYXL,77,1,True,True
B07XNVL96M,22,1,True,True
B07XNW2NR4,39,1,True,True
B07XP1B2WS,11,1,False,False
B07XP1MN29,218,1,True,True
B07XP24CN7,50,1,False,False
B07XP7G4X7,3,1,True,True
B07XPK3ZPS,46,1,False,False
B07XPW42L4,43,1,True,True
B07XQ17Z91,44,1,False,False
B07XQ67WBS,116,1,True,True
B07XQ8L9ZW,72,1,False,False
B07XQD9WZ8,183,1,True,True
B07XQY66JM,47,1,True,True
B07XQYTYCW,29,1,True,True
B07XQZ4TF3,26,1,True,True
B07XR1HZDP,14,1,True,True
B07XR78RKK,21,1,False,False
B07XRGNGPF,124,1,True,True
B07XRH35W8,32,1,False,False
B07XRXR3ZC,22,1,False,False
B07XSX6DX8,31,1,False,False
B07XSZQB4S,2,1,False,False
B07XT5PJ5D,70,1,False,False
B07XT7YFMS,12,1,True,True
B07XVHZ78H,71,1,True,True
B07XVP23G5,43,1,True,True
B07XX3R1ZF,82,1,True,True
B07XXK9TGG,95,1,True,True
B07XXMD42T,24,1,False,False
B07XXSDDYL,21,1,True,True
B07XXSV7XP,62,1,True,True
B07XXXRMKX,112,1,True,True
B07XXYQ9Y3,76,1,True,True
B07XXZ1XGW,16,1,True,True
B07XY2122N,31,1,False,False
B07XY5P8CC,9,1,True,True
B07XYBDCNP,45,1,True,True
B07XYNKLSJ,328,1,True,True
B07XYQN82F,17,1,False,False
B07XYRS7KR,30,1,True,True
B07XYVWDCK,96,1,True,True
B07XYYTM6L,14,1,True,True
B07XZ12MYN,11,1,True,True
B07Y18V991,41,1,True,True
B07Y1TMWCJ,25,1,False,False
B07Y1VRLMQ,248,1,True,True
B07Y1VYMHH,225,1,True,True
B07Y1W2KLV,29,1,False,False
B07Y21PLQM,37,1,False,False
B07Y26BQDC,171,1,True,True
B07Y28D6K9,45,1,False,False
B07Y2F8DP1,91,1,False,False
B07Y2QLWQ8,44,1,True,True
B07Y2Z29V2,28,1,False,False
B07Y36JDZD,35,1,True,True
B07Y37Q3WK,2,1,False,False
B07Y385TBJ,32,1,True,True
B07Y3DC9M5,11,1,False,False
B07Y3DLQ7K,147,1,False,False
B07Y3TH1HR,124,1,True,True
B07Y3TR6QP,8,1,True,True
B07Y3YR4TT,64,1,True,True
B07Y4C8G74,56,1,True,True
B07Y4CLVZN,95,1,False,False
B07Y4D9FPW,57,1,True,True
B07Y4J2FK4,16,1,False,False
B07Y51YW59,9,1,False,False
B07Y5CR7QZ,62,1,True,True
B07Y5PQYR3,218,1,False,False
B07Y5SX5DG,57,1,True,True
B07Y64XC55,119,1,False,False
B07Y65VLKJ,104,1,False,False
B07Y66P5FD,34,1,True,True
B07Y7S7311,31,1,True,True
B07Y7SPHLB,895,1,True,True
B07Y7V7GV3,31,1,False,False
B07Y7XJP4F,98,1,True,True
B07Y81P6GL,406,1,True,True
B07Y82DPGB,7,1,False,False
B07Y85ZDH2,45,1,True,True
B07Y8CGVR4,63,1,False,False
B07Y8G6546,58,1,True,True
B07Y8Q2X7C,16,1,True,True
B07Y9BMV4B,88,1,True,True
B07Y9JWR1N,18,1,False,False
B07Y9K66KT,5,1,False,False
B07Y9NP71Q,106,1,False,False
B07Y9PTTYB,35,1,False,False
B07Y9VMPQG,75,1,True,True
B07Y9WV1XH,3,1,False,False
B07Y9XJHDL,4,1,True,True
B07Y9Z955F,20,1,True,True
B07YB77R2K,43,1,True,True
B07YB9K7WJ,177,1,False,False
B07YBRLKPX,85,1,True,True
B07YC6CGXG,6,1,True,True
B07YC88LTG,11,1,True,True
B07YC8XFJW,15,1,False,False
B07YC9PRJW,103,1,False,False
B07YCCWQTM,21,1,True,True
B07YCGLNDD,105,1,True,True
B07YCGX8NK,146,1,False,False
B07YCM8KXF,8,1,True,True
B07YD4ZMMR,23,1,False,False
B07YDBSJZJ,129,1,True,True
B07YDBTWFP,8,1,False,False
B07YDG2BRW,49,1,True,True
B07YDGT33N,18,1,False,False
B07YDGVCG2,5,1,True,True
B07YDH4PHL,19,1,True,True
B07YDHCH87,35,1,True,True
B07YDLL7HT,7,1,False,False
B07YDPJK7F,789,1,True,True
B07YDTL13Y,54,1,True,True
B07YDYM4N5,3,1,False,False
B07YDYQ9ND,5,1,True,True
B07YF47G44,5,1,False,False
B07YF6R17M,19,1,False,False
B07YFDD6FM,5,1,False,False
B07YFG2JGK,96,1,True,True
B07YFGYYVQ,7,1,True,True
B07YFJV8J2,255,1,False,False
B07YFP5CLG,108,1,True,True
B07YFS4H6J,51,1,True,True
B07YFSLSBX,58,1,True,True
B07YFZ5W49,181,1,True,True
B07YG3C5YX,1,1,True,True
B07YG3G924,201,1,True,True
B07YG6MDZ9,204,1,True,True
B07YHB6QLQ,14,1,True,True
B07YHB9T41,290,1,True,True
B07YHCQC1J,61,1,False,False
B07YHF9RRD,9,1,False,False
B07YHHVXZ3,3,1,True,True
B07YHKYMJJ,627,1,True,True
B07YHQ5H98,18,1,True,True
B07YHTNKK9,5,1,True,True
B07YHZJ72K,62,1,True,True
B07YJ7M41Z,82,1,True,True
B07YJHVXGJ,8,1,False,False
B07YJJ8X13,43,1,True,True
B07YJP3XZW,535,1,True,True
B07YJTRT8W,99,1,True,True
B07YK12CGB,52,1,False,False
B07YKGBZ11,162,1,True,True
B07YKLSPC7,147,1,True,True
B07YKSC5CQ,36,1,True,True
B07YLDYHDB,8,1,False,False
B07YLKMRR1,10,1,False,False
B07YM2TP1T,9,1,True,True
B07YNJFW51,3,1,True,True
B07YP6WDHH,74,1,True,True
B07YP8VXZ3,14,1,False,False
B07YPNG8SD,113,1,True,True
B07YPP7HLK,50,1,True,True
B07YQNYSZ5,14,1,True,True
B07YRHHX93,139,1,True,True
B07YRKBQ63,55,1,False,False
B07YS31HXB,76,1,False,False
B07YS3L6J8,158,1,False,False
B07YS4568G,10,1,False,False
B07YS5T23F,55,1,False,False
B07YSFYK3Y,50,1,False,False
B07YTGPC76,12,1,True,True
B07YTH8W1S,32,1,True,True
B07YTJHPTL,323,1,True,True
B07YTQ7ZXW,8,1,True,True
B07YTS17VM,84,1,True,True
B07YTTX7KM,8,1,True,True
B07YTVJ6Q3,20,1,False,False
B07YTYCW17,53,1,False,False
B07YTZ1F5K,16,1,True,True
B07YV1J1LW,1,1,False,False
B07YV41VCZ,5,1,True,True
B07YV62ST7,3,1,False,False
B07YV6Q8PQ,13,1,True,True
B07YVDDV9J,15,1,True,True
B07YW3NSW8,28,1,True,True
B07YW3ZYQV,7,1,True,True
B07YW7TGNX,38,1,False,False
B07YW8SCZ9,13,1,False,False
B07YWBMBDS,193,1,True,True
B07YWGPTDJ,41,1,False,False
B07YWRR2S5,66,1,True,True
B07YWW93DL,22,1,True,True
B07YWZ8TB9,350,1,True,True
B07YX2CMYX,25,1,True,True
B07YX6WCLH,108,1,False,False
B07YXPJ42S,41,1,True,True
B07YXRXX86,211,1,True,True
B07YXV69KV,19,1,True,True
B07YXW2H31,10,1,True,True
B07YXXFKCY,14,1,False,False
B07YXZX7JG,41,1,True,True
B07YY115W9,3,1,False,False
B07YY1ZBF1,21,1,True,True
B07YY2BLQJ,437,1,False,False
B07YY2NXDM,597,1,True,True
B07YY7ZDTG,28,1,True,True
B07YY99K91,7,1,False,False
B07YYCCNY9,72,1,True,True
B07YYF5TQG,350,1,True,True
B07YYGSLSL,39,1,False,False
B07YYKSFBT,138,1,True,True
B07YYL3861,58,1,False,False
B07YYT9TBQ,25,1,False,False
B07YYW3BCF,7,1,True,True
B07YZ1FZJ6,78,1,True,True
B07YZ43VLM,1,1,False,False
B07YZ6MNRZ,64,1,True,True
B07YZCHLVQ,39,1,True,True
B07YZGY62X,17,1,True,True
B07YZHJCWM,5,1,True,True
B07YZHPHLD,32,1,True,True
B07Z19HFJS,14,1,True,True
B07Z19RYWV,4,1,False,False
B07Z1K1XWX,21,1,True,True
B07Z1TKCWZ,4,1,False,False
B07Z1V8NV3,18,1,False,False
B07Z218KGM,22,1,True,True
B07Z22RGCH,27,1,True,True
B07Z2QY9S1,32,1,False,False
B07Z2VQSBR,57,1,True,True
B07Z3959N1,37,1,True,True
B07Z3FG46V,668,1,True,True
B07Z3G194F,121,1,True,True
B07Z3KBWRW,42,1,True,True
B07Z3R9KLD,30,1,True,True
B07Z3SXDXY,12,1,True,True
B07Z4LPFZN,39,1,True,True
B07Z4TNQ25,11,1,False,False
B07Z4VG1PG,2,1,True,True
B07Z4Z1G9S,2,1,True,True
B07Z551ZMN,6,1,True,True
B07Z5HGYHJ,39,1,False,False
B07Z5K47ZV,123,1,False,False
B07Z5R9V4N,2,1,False,False
B07Z5Z2YSG,80,1,True,True
B07Z5Z3NXN,125,1,True,True
B07Z5ZQBTY,13,1,True,True
B07Z61L7QN,56,1,True,True
B07Z63WV3M,125,1,False,False
B07Z64CSTJ,236,1,True,True
B07Z64PJQ4,14,1,False,False
B07Z65JD87,13,1,True,True
B07Z66HQBH,434,1,True,True
B07Z6BGJS5,41,1,True,True
B07Z6CWBCQ,25,1,True,True
B07Z78XL9H,647,1,True,True
B07Z7DFG6Z,1,1,True,True
B07Z7NRQPL,15,1,True,True
B07Z7P96LS,102,1,True,True
B07Z7Q9RWJ,74,1,False,False
B07Z7S6VS2,34,1,False,False
B07Z7ST5K8,23,1,False,False
B07Z7V6DYV,67,1,True,True
B07Z7WMQ59,15,1,True,True
B07Z81ZLS1,221,1,True,True
B07Z85382Y,111,1,True,True
B07Z8MS3GG,46,1,True,True
B07Z8TRRL7,4,1,True,True
B07Z8WQ7DN,105,1,True,True
B07Z8ZWQYV,65,1,True,True
B07Z9P8FFC,15,1,False,False
B07Z9R8CSD,92,1,True,True
B07Z9VF6Y6,53,1,False,False
B07Z9X33MG,15,1,True,True
B07Z9YZ5T2,11,1,True,True
B07Z9ZXM2R,9,1,True,True
B07ZB8779X,145,1,True,True
B07ZCVMPK8,22,1,True,True
B07ZCVYB82,117,1,True,True
B07ZD2CCC5,426,1,True,True
B07ZD2NWWJ,6,1,False,False
B07ZD39R7P,7,1,True,True
B07ZDJ7YRZ,10,1,True,True
B07ZF4KXK1,35,1,True,True
B07ZF4TYDD,23,1,True,True
B07ZF5X3KQ,82,1,True,True
B07ZF8X26C,11,1,True,True
B07ZFBDY5N,31,1,True,True
B07ZFN8K7Y,6,1,False,False
B07ZFSBRSK,31,1,True,True
B07ZFY1ZB6,29,1,False,False
B07ZGBKCHJ,21,1,True,True
B07ZGD6SQ9,243,1,True,True
B07ZGDN16C,53,1,False,False
B07ZGDX4LS,48,1,False,False
B07ZGF6DLB,4,1,False,False
B07ZGP12GV,38,1,True,True
B07ZH4PT1G,243,1,True,True
B07ZH6TPT9,102,1,True,True
B07ZHN8YRZ,1,1,True,True
B07ZHYRN86,27,1,True,True
B07ZHZ3PVL,50,1,True,True
B07ZJ5NZGK,3,1,True,True
B07ZJBBHQP,104,1,True,True
B07ZJD245R,8,1,False,False
B07ZJX5B76,41,1,False,False
B07ZK5PRC8,12,1,False,False
B07ZK5QWT6,44,1,True,True
B07ZK7QT61,1,1,False,False
B07ZKFVRXN,9,1,True,True
B07ZKS153H,105,1,True,True
B07ZL3CY7N,4,1,False,False
B07ZLNGJB9,12,1,True,True
B07ZLTPWCP,5,1,False,False
B07ZLW1KGD,57,1,True,True
B07ZLW8ST3,11,1,True,True
B07ZM1VS5M,30,1,False,False
B07ZMCX2J3,5,1,True,True
B07ZMFBRKL,24,1,False,False
B07ZMX9JTD,24,1,True,True
B07ZNDCF8W,93,1,True,True
B07ZNJQ8JR,6,1,True,True
B07ZNQXGHZ,13,1,True,True
B07ZNSN4MZ,25,1,False,False
B07ZP1Z5LW,38,1,True,True
B07ZP5RJM4,265,1,False,False
B07ZP91QBP,42,1,False,False
B07ZPMX62N,26,1,True,True
B07ZPQXHNW,4,1,False,False
B07ZPSXT5L,181,1,True,True
B07ZPYS51Z,435,1,True,True
B07ZPZGK1Z,21,1,False,False
B07ZPZLK2P,30,1,True,True
B07ZQ1YY7P,25,1,True,True
B07ZQ3QQYJ,48,1,True,True
B07ZQ665KW,47,1,True,True
B07ZQ8KQKK,70,1,False,False
B07ZQD24KF,38,1,True,True
B07ZQJ2JQM,17,1,True,True
B07ZQKVBPP,96,1,False,False
B07ZQL15NZ,2,1,True,True
B07ZQM8BK5,1,1,True,True
B07ZQN613W,26,1,False,False
B07ZR4V7Z1,21,1,True,True
B07ZR9JM9N,8,1,False,False
B07ZR9S9X6,79,1,True,True
B07ZR9XBFS,124,1,True,True
B07ZRDT4ZP,574,1,True,True
B07ZRFWPHL,54,1,True,True
B07ZRGT8LR,75,1,True,True
B07ZRKSLL8,5,1,True,True
B07ZRQGW66,192,1,True,True
B07ZSFL1Z8,17,1,False,False
B07ZSK8CFQ,12,1,True,True
B07ZSYVSRZ,76,1,True,True
B07ZSZR956,4,1,True,True
B07ZT2ZN5R,84,1,True,True
B07ZT33HS6,41,1,False,False
B07ZT5BNCR,63,1,True,True
B07ZT8D5PN,184,1,True,True
B07ZT9F19Z,19,1,True,True
B07ZTB62GG,83,1,False,False
B07ZTPTFV8,3,1,True,True
B07ZV58ZHH,3,1,False,False
B07ZVCSMQD,7,1,True,True
B07ZVFHHJY,102,1,True,True
B07ZVM9FBH,28,1,True,True
B07ZVN72BV,14,1,True,True
B07ZVQ2HH9,141,1,True,True
B07ZWLDF98,27,1,True,True
B07ZWY6R4V,20,1,True,True
B07ZX22KJS,139,1,True,True
B07ZX48GJY,2,1,True,True
B07ZXCTCSV,6,1,False,False
B07ZXMKCH6,1,1,False,False
B07ZYG7T9Q,13,1,True,True
B07ZYGGY6F,20,1,True,True
B07ZYJ92DM,346,1,True,True
B07ZYRK97W,71,1,True,True
B07ZYRQ4PV,16,1,False,False
B07ZYSBJLF,17,1,False,False
B07ZYY4S77,1,1,False,False
B07ZZ4QWQV,17,1,True,True
B07ZZ4Z88L,79,1,True,True
B07ZZYWF3P,243,1,True,True
B08111WW8Z,13,1,True,True
B081175GPQ,24,1,True,True
B08118BZT2,4,1,True,True
B0811DL6MP,8,1,True,True
B0811WPJQG,149,1,False,False
B0811YRCHJ,32,1,True,True
B0811Z4DQS,4,1,True,True
B08121CC2G,64,1,True,True
B08127CGGM,166,1,True,True
B0812GK8NB,44,1,True,True
B081379YWT,4,1,True,True
B081398KQM,8,1,False,False
B08139F9HH,48,1,True,True
B0813H368B,8,1,False,False
B0814LVNG6,9,1,True,True
B0814TCYZM,146,1,True,True
B0815RBFHH,31,1,True,True
B0815TCBTV,2,1,True,True
B0815W8PQV,49,1,True,True
B081634BWF,13,1,False,False
B0816418VP,1,1,True,True
B0816RQ191,9,1,True,True
B0816SM731,19,1,True,True
B08175Y5S1,36,1,False,False
B0817JL1S1,96,1,False,False
B0817MLZVH,14,1,False,False
B0817XB869,122,1,True,True
B0818DHMD1,5,1,True,True
B08199V59F,8,1,True,True
B0819JP9CM,6,1,False,False
B0819JXL7X,40,1,True,True
B0819QR714,27,1,True,True
B0819VTCKM,28,1,True,True
B081C2SS98,40,1,True,True
B081C5VX35,3,1,True,True
B081C72QG4,104,1,True,True
B081CFP46Z,408,1,True,True
B081CGZGYQ,177,1,True,True
B081CM6B5F,69,1,True,True
B081D97V7W,3,1,False,False
B081DRMK68,43,1,True,True
B081DYHJ1J,521,1,True,True
B081F1BHCQ,106,1,True,True
B081F46JSY,161,1,True,True
B081F6YSH4,84,1,True,True
B081FZ33SK,55,1,True,True
B081GR5DTY,59,1,False,False
B081GVKXLN,33,1,True,True
B081H23N2T,79,1,True,True
B081H7ZZQT,4,1,True,True
B081J1MB4Z,44,1,True,True
B081JQHGGQ,13,1,True,True
B081JRD5K6,28,1,True,True
B081JS5XWL,183,1,True,True
B081JWR53P,116,1,True,True
B081K38Z2N,37,1,True,True
B081K7RGVV,8,1,False,False
B081KVY1T7,5,1,True,True
B081KWBMZ4,54,1,True,True
B081LTLK3F,23,1,True,True
B081MSHV55,4,1,False,False
B081MT6Y5B,381,1,True,True
B081MYJ6BV,3,1,False,False
B081NG6661,256,1,True,True
B081NGLX6G,24,1,True,True
B081NGYJQQ,39,1,True,True
B081PDHXWL,66,1,True,True
B081PR4XK8,17,1,False,False
B081PT7NMX,892,1,True,True
B081PX2PNP,19,1,True,True
B081Q2FSR8,318,1,True,True
B081Q5GWPM,79,1,True,True
B081Q5HPCM,3,1,False,False
B081R5ZN1K,38,1,False,False
B081R65FHH,205,1,True,True
B081S2J8LV,21,1,False,False
B081SK57DP,164,1,True,True
B081SPFH53,237,1,True,True
B081ST3BZF,27,1,True,True
B081STKXC2,2,1,False,False
B081SZTDN2,42,1,True,True
B081T14JPT,14,1,True,True
B081T1TQYG,14,1,True,True
B081T1XCBG,298,1,False,False
B081T898X9,318,1,True,True
B081T8QC65,90,1,False,False
B081TBNXZH,56,1,True,True
B081V29NBP,234,1,True,True
B081V67XMV,3,1,False,False
B081V8788F,55,1,True,True
B081WB8PJC,22,1,True,True
B081WPTV68,11,1,False,False
B081WT71JN,23,1,False,False
B081YFLF22,204,1,True,True
B081YFMLGQ,143,1,True,True
B081YKQ1RY,4,1,False,False
B081YQYVS3,8,1,True,True
B081YVGSWS,142,1,False,False
B081YYCXJH,30,1,True,True
B081ZN27R7,12,1,True,True
B081ZT3Q77,37,1,True,True
B082139G91,2,1,True,True
B08214JF34,10,1,True,True
B08214KJFL,36,1,True,True
B0821BYWW7,2,1,True,True
B0821DPRS7,2,1,True,True
B0821HV6R5,12,1,True,True
B0821NG44W,26,1,True,True
B082227JPK,19,1,True,True
B08223HFJC,29,1,True,True
B08224WBVW,41,1,False,False
B08225G6FB,24,1,True,True
B08225PFNF,1,1,False,False
B0822DCSWF,109,1,True,True
B0822PDBX3,20,1,True,True
B0823K26BR,140,1,False,False
B0823SH97H,40,1,True,True
B0823VR4HR,17,1,True,True
B0825FD6YC,11,1,False,False
B0827HTLKD,25,1,True,True
B0827LDCBN,25,1,True,True
B0827V3QB6,26,1,True,True
B0827WJYDQ,36,1,True,True
B0828G3PJB,12,1,True,True
B0828JMSVT,7,1,True,True
B0828Q2J4B,57,1,True,True
B0828QP2HC,39,1,True,True
B0828RP39M,64,1,True,True
B0828S1GFK,59,1,True,True
B08293P67Z,47,1,True,True
B0829F73YX,9,1,False,False
B0829RVK1Z,7,1,True,True
B0829SHMZW,66,1,False,False
B0829V8FYJ,84,1,True,True
B0829YDYCR,23,1,True,True
B0829ZRC2H,33,1,True,True
B082BCYXKT,214,1,True,True
B082CXYD36,8,1,True,True
B082CZZ1TM,42,1,True,True
B082D4X1KK,26,1,True,True
B082D7FK4L,34,1,True,True
B082D9FWQH,31,1,True,True
B082DB9FZ2,53,1,False,False
B082DBC2X1,232,1,True,True
B082DC526F,50,1,True,True
B082DZFM3T,13,1,True,True
B082DZSF5W,133,1,True,True
B082F3D7MT,8,1,True,True
B082F4MFJP,17,1,True,True
B082F5XNSH,16,1,True,True
B082F61C35,124,1,True,True
B082F65KF8,1,1,True,True
B082FQSVX5,17,1,False,False
B082FTCFHN,7,1,True,True
B082FVPBSQ,32,1,True,True
B082FX1B2T,38,1,True,True
B082G62FQ7,160,1,True,True
B082G656BK,77,1,True,True
B082G7FKJ3,57,1,True,True
B082GGWWYW,8,1,False,False
B082GSZ14L,29,1,True,True
B082H9SZF8,6,1,True,True
B082H9YFD6,141,1,True,True
B082HBBQM1,10,1,False,False
B082HDMBFT,268,1,True,True
B082HDSHFP,3,1,False,False
B082HJCJ6P,37,1,True,True
B082HKPN8T,627,1,True,True
B082HQ8DXT,16,1,False,False
B082HQVZW2,286,1,True,True
B082HTYTTX,68,1,True,True
B082J52VXY,143,1,True,True
B082J5LCFX,15,1,True,True
B082J6HPK4,191,1,False,False
B082K7FJNP,46,1,True,True
B082KBBF9Q,30,1,True,True
B082KDGY9D,8,1,True,True
B082KDNSFN,64,1,True,True
B082KF92WD,81,1,True,True
B082KFV49Z,7,1,True,True
B082KFVZLK,13,1,True,True
B082KFWHS4,30,1,True,True
B082KLKH4M,9,1,True,True
B082KRQYP5,44,1,True,True
B082KTN4W8,21,1,False,False
B082KYT54P,33,1,True,True
B082LQ72F9,14,1,False,False
B082LT16GZ,9,1,True,True
B082LVM5S8,11,1,True,True
B082M1KR67,10,1,True,True
B082M1X1XT,53,1,True,True
B082M2JFWQ,54,1,True,True
B082MK5JVC,17,1,True,True
B082MK5YJ2,1,1,False,False
B082MQFF8Z,12,1,True,True
B082MRRB5S,12,1,False,False
B082NCFG69,8,1,True,True
B082NLS4HQ,78,1,True,True
B082NPV512,1,1,True,True
B082NRC1W6,141,1,True,True
B082NRLTLD,6,1,True,True
B082NWCDHY,90,1,True,True
B082NXWCMW,32,1,True,True
B082P6DW61,3,1,False,False
B082PHHTJD,5,1,False,False
B082PPNWZN,130,1,True,True
B082PRZKQ3,29,1,True,True
B082PXTFLC,4,1,True,True
B082PZ2XP2,6,1,True,True
B082Q1N3ZG,144,1,True,True
B082Q1XVZR,4,1,True,True
B082QPRYNK,10,1,False,False
B082QZD2XS,40,1,False,False
B082RHQG1K,10,1,False,False
B082RT6GKW,2,1,True,True
B082S8NVSJ,5,1,True,True
B082S9PBHK,93,1,True,True
B082SD8WP4,199,1,True,True
B082SKRGPS,20,1,True,True
B082SN2R64,33,1,False,False
B082SPXD5Z,27,1,True,True
B082SPYF1S,13,1,True,True
B082SS3KGR,5,1,True,True
B082STMWB8,16,1,True,True
B082SVF8SB,99,1,True,True
B082SVSDZC,8,1,False,False
B082T2KGC4,54,1,False,False
B082TM5VQV,24,1,False,False
B082TXCCV7,103,1,True,True
B082TYRM9F,101,1,True,True
B082V2NGFG,16,1,False,False
B082V7VGX5,28,1,False,False
B082VRLQM8,56,1,True,True
B082VT4BST,12,1,True,True
B082W5V95W,209,1,True,True
B082WBDLQR,17,1,True,True
B082WDL3F4,22,1,False,False
B082WSQXDM,39,1,True,True
B082WVFLSW,2,1,True,True
B082WXCM5W,387,1,False,False
B082WY3DMF,17,1,False,False
B082X185SF,409,1,True,True
B082X1R8RT,49,1,True,True
B082X1T1PC,5,1,False,False
B082X271FC,519,1,True,True
B082X696MN,86,1,True,True
B082X6L813,700,1,True,True
B082X8K9TN,112,1,True,True
B082XPK11P,3,1,False,False
B082XPR6PN,32,1,True,True
B082Y5JYQQ,80,1,False,False
B082YCTHK1,15,1,True,True
B082YD2CYZ,8,1,True,True
B082YPSWQ7,5,1,True,True
B082YX9523,21,1,True,True
B082YYTJXW,26,1,True,True
B082YZLNVD,58,1,True,True
B082Z8RX98,12,1,True,True
B082ZH7PDV,9,1,True,True
B083195SBV,219,1,True,True
B0831B3S28,83,1,True,True
B0831QC7TG,3,1,True,True
B0832L4ZCD,153,1,False,False
B0832Q1FSQ,67,1,True,True
B0832SN86Z,86,1,True,True
B0832VVDXK,35,1,False,False
B0832Y71J5,158,1,True,True
B0833379F6,23,1,True,True
B0833SLV4Y,42,1,True,True
B0833XCFYJ,54,1,True,True
B0833ZCKPQ,148,1,True,True
B08341H284,9,1,True,True
B083471WYM,47,1,True,True
B0834C14VP,25,1,True,True
B0834JCG3T,7,1,True,True
B0834K92SQ,7,1,True,True
B0834KGYGX,15,1,True,True
B0834L5HKV,29,1,True,True
B0834LML78,47,1,True,True
B0834P488Q,66,1,True,True
B0834TBVQH,15,1,False,False
B0834W7XKV,78,1,True,True
B0834XC5CW,16,1,True,True
B08351RD5W,50,1,True,True
B08353DNT3,190,1,True,True
B08353LT1K,29,1,True,True
B08353PGPF,9,1,False,False
B08357259W,2,1,False,False
B0835Q9Y6M,68,1,True,True
B0836BHNWJ,389,1,True,True
B0836CH7TG,2,1,True,True
B0836MYP5Y,64,1,True,True
B0836QMWFM,318,1,True,True
B0836QVLD3,89,1,True,True
B0836T33H6,97,1,True,True
B0836T7F6Y,15,1,True,True
B0836VV4J5,13,1,True,True
B0836WQLWR,1137,1,True,True
B0836XG125,56,1,True,True
B0837138KB,102,1,True,True
B0837S7VJY,2,1,True,True
B0837THTX1,2,1,True,True
B0838GQFNP,32,1,True,True
B0838WY6VP,11,1,True,True
B08393XK37,41,1,True,True
B08395B6RB,22,1,True,True
B08397ND31,2,1,True,True
B083988KK3,171,1,True,True
B0839B6FCL,13,1,True,True
B0839CMX9X,6,1,True,True
B0839DT54C,81,1,True,True
B0839DX9T4,14,1,True,True
B083B6SDBT,44,1,True,True
B083BBNH87,247,1,True,True
B083BC2VWW,18,1,True,True
B083BCQRTD,31,1,True,True
B083BDDY85,76,1,True,True
B083BKJF5P,38,1,True,True
B083BKQXBC,43,1,True,True
B083BR51PX,6,1,False,False
B083BVR6V2,48,1,False,False
B083C11G1K,13,1,True,True
B083CV9HGR,74,1,True,True
B083CWHYQJ,78,1,False,False
B083D2BXJS,6,1,True,True
B083DFWPBY,12,1,True,True
B083DGFP33,90,1,True,True
B083DL4N93,120,1,True,True
B083DL9WTK,396,1,True,True
B083DM6DCQ,6,1,True,True
B083DQYPVK,14,1,True,True
B083DR7XFB,198,1,True,True
B083DRY6C2,2,1,True,True
B083DSYS1W,64,1,True,True
B083F493DK,220,1,True,True
B083FK32B3,2,1,False,False
B083FLFFL9,61,1,True,True
B083FMNP5F,24,1,True,True
B083FQR6B8,13,1,True,True
B083FW3RWJ,107,1,True,True
B083FX8XRJ,4,1,True,True
B083FXWBZF,28,1,True,True
B083FY4ZDB,27,1,True,True
B083GCR9MW,7,1,True,True
B083GL9H6S,53,1,True,True
B083GLQDNX,21,1,False,False
B083GNJ6R1,28,1,True,True
B083H5Y773,36,1,True,True
B083HBCVKL,38,1,True,True
B083HBMKM6,212,1,True,True
B083HHLQQY,36,1,True,True
B083HW6RT3,7,1,True,True
B083HXSFBD,50,1,True,True
B083HY668N,95,1,True,True
B083J2M8JN,4,1,True,True
B083J36134,189,1,True,True
B083J75P7F,36,1,True,True
B083J75TVT,5,1,True,True
B083J89VQH,30,1,True,True
B083JT72XG,86,1,True,True
B083JXVH8S,164,1,True,True
B083JY31NG,470,1,True,True
B083JZ9PJL,572,1,True,True
B083JZVL7H,15,1,True,True
B083K51HYD,21,1,True,True
B083K9Q6TT,64,1,True,True
B083KB1WSP,83,1,True,True
B083L468HG,91,1,True,True
B083LM2W2W,365,1,True,True
B083LN47G5,12,1,True,True
B083LTTMVR,19,1,False,False
B083LYCB4H,107,1,True,True
B083LZY5CB,53,1,True,True
B083M1V3ZC,32,1,False,False
B083M589WQ,248,1,True,True
B083M7HJTR,522,1,True,True
B083NJ1XS3,85,1,True,True
B083NPT362,16,1,True,True
B083NPT4CL,28,1,True,True
B083NPW1LF,37,1,True,True
B083NQB9XJ,7,1,False,False
B083NT36M2,84,1,True,True
B083NVDKNZ,4,1,True,True
B083NZ7ZYM,12,1,True,True
B083NZP8WP,46,1,True,True
B083P1HY43,1213,1,True,True
B083P2TTDL,128,1,True,True
B083P68GRW,20,1,True,True
B083P6BW4L,8,1,False,False
B083P6HPKT,5,1,True,True
B083PRCZDM,1077,1,True,True
B083PWVHPY,4,1,True,True
B083PY842Y,4,1,True,True
B083PYLWKZ,157,1,True,True
B083PYT8CV,69,1,False,False
B083PYTTMV,40,1,True,True
B083Q2L4VZ,877,1,True,True
B083Q2P9KH,19,1,True,True
B083Q83TJQ,58,1,True,True
B083QF3YR4,36,1,True,True
B083QGY914,185,1,True,True
B083QX1CF5,61,1,True,True
B083QYCDFX,21,1,False,False
B083RSBSLT,25,1,False,False
B083RT1KCB,29,1,True,True
B083SJBJ42,3,1,True,True
B083SK6ZWD,73,1,False,False
B083SMF3FN,2,1,True,True
B083SQSLBJ,24,1,True,True
B083TFPP2M,18,1,True,True
B083TL8RPJ,79,1,True,True
B083TLJH5L,5,1,True,True
B083TMHQL5,34,1,True,True
B083TQCZ67,3,1,False,False
B083TQQ4LD,21,1,True,True
B083V1BK2V,15,1,True,True
B083V2XVX2,24,1,True,True
B083V3FVHP,32,1,True,True
B083V3H4F5,63,1,True,True
B083V3YNW8,17,1,True,True
B083VWGQFJ,62,1,True,True
B083W1R5MX,1,1,False,False
B083W7RSS6,224,1,False,False
B083WDPP6K,13,1,True,True
B083WDVSYY,82,1,True,True
B083WGCTBZ,155,1,False,False
B083WK6L17,174,1,True,True
B083WLVZB1,9,1,True,True
B083X9Z93S,8,1,False,False
B083XBG1L9,8,1,True,True
B083XG2KGZ,92,1,True,True
B083XMWFKZ,42,1,True,True
B083XSTK7H,725,1,True,True
B083XVQYS8,16,1,True,True
B083XYXFV6,20,1,True,True
B083Y4XHPY,11,1,True,True
B083Z9H1P4,34,1,True,True
B083ZP9Q3Q,7,1,False,False
B0841GZ2D6,17,1,True,True
B08454HM1Q,128,1,True,True
B08467FTJP,10,1,False,False
B084B1BBJW,9,1,False,False
B084D151JK,18,1,True,True
B084FDPJG6,30,1,True,True
B084FDVBJB,38,1,True,True
B084JQ67MM,11,1,True,True
B084L86VTX,88,1,True,True
B084M9W9GJ,35,1,True,True
B084MH41S6,18,1,True,True
B084MJHV34,34,1,True,True
B084NVW6BW,3,1,True,True
B084P98MT9,13,1,True,True
B084P9RXC6,369,1,True,True
B084RRCXDB,25,1,True,True
B084SSWJ4Q,201,1,True,True
B084TGMTCQ,14,1,True,True
B084TK1QHY,13,1,True,True
B084V22XBD,85,1,True,True
B084VGKDNV,25,1,True,True
B084VGN1CQ,17,1,True,True
B084VH2J54,12,1,True,True
B084VHHTC2,12,1,False,False
B084VKG4VB,6,1,True,True
B084WSXBP9,9,1,True,True
B084X19WC6,24,1,True,True
B084X7F8R5,12,1,True,True
B084ZDPNTT,486,1,True,True
B084ZPMMB9,19,1,True,True
B0851CL9HM,13,1,True,True
B0851GJS2G,24,1,True,True
B0851XGQ9F,22,1,True,True
B0852CJFL9,9,1,False,False
B0852XKR41,669,1,True,True
B0852YMHKP,22,1,True,True
B08531KD9C,4,1,True,True
B08533YNP8,16,1,False,False
B08543PZ9X,13,1,True,True
B08545TNCX,23,1,True,True
B08546GWF4,34,1,True,True
B085473SY2,143,1,True,True
B0854GVJBQ,65,1,True,True
B0854HLBRF,38,1,True,True
B0854JHF2Z,13,1,True,True
B0855HLTCW,294,1,True,True
B0855KPPDC,137,1,True,True
B0855QTTQ5,6,1,False,False
B0856261BL,100,1,False,False
B0856TTXS1,36,1,True,True
B0856Y2JRR,8,1,True,True
B0856Y98MS,9,1,True,True
B08571QG5L,19,1,True,True
B08572LXLQ,84,1,True,True
B08572YYLX,47,1,True,True
B08575F91W,42,1,True,True
B0858XTDJ9,33,1,True,True
B08592QLPB,5,1,True,True
B08592TYRJ,209,1,True,True
B08599417S,22,1,True,True
B0859WJN8L,15,1,True,True
B0859Y883G,10,1,True,True
B085B1FYDQ,23,1,True,True
B085B1R3GG,8,1,True,True
B085BRDWKL,17,1,False,False
B085BZ3RDM,24,1,True,True
B085BZVK9P,10,1,True,True
B085C7PPBD,23,1,False,False
B085CBSCZG,21,1,True,True
B085CD2KBM,190,1,True,True
B085D7XSCC,44,1,True,True
B085DK5P5D,23,1,True,True
B085DLTPQQ,53,1,True,True
B085DS1PGK,51,1,False,False
B085DZDQ6F,14,1,True,True
B085F2D1W8,39,1,True,True
B085FRRVJN,16,1,False,False
B085FS84CX,4,1,True,True
B085FSYS9R,143,1,True,True
B085FYK1YN,21,1,True,True
B085FZ3YV5,12,1,True,True
B085G32TXW,86,1,True,True
B085G7CC3F,10,1,True,True
B085G943DR,35,1,True,True
B085G974BH,13,1,False,False
B085GB3QYF,43,1,True,True
B085HLN497,66,1,True,True
B085KTK571,113,1,True,True
B085KW8Z1S,64,1,False,False
B085KYF33Z,10,1,False,False
B085KYX2L5,30,1,True,True
B085L37PN4,26,1,True,True
B085L6HT76,32,1,True,True
B085L85HNY,1,1,True,True
B085M1KR58,4,1,False,False
B085M5K6CZ,22,1,True,True
B085M6YP2F,20,1,True,True
B085NFHS9R,163,1,True,True
B085NG77D6,43,1,True,True
B085NGY4BG,1,1,True,True
B085NMW7SF,3,1,True,True
B085PNQ32B,11,1,True,True
B085PS1MHM,249,1,True,True
B085PYNY1Z,212,1,True,True
B085QB74F6,115,1,True,True
B085QHDXX8,19,1,True,True
B085RB9WFW,81,1,True,True
B085RJ5VXF,29,1,True,True
B085RL4SYK,1,1,True,True
B085RLJZTD,158,1,True,True
B085RTJ8VJ,14,1,True,True
B085RYJJV8,1,1,True,True
B085RZ62K8,3,1,True,True
B085S7S2N6,15,1,True,True
B085SV9B13,21,1,True,True
B085SXRTP8,17,1,True,True
B085T5NH38,35,1,True,True
B085T6ZLPR,10,1,True,True
B085T843F9,40,1,True,True
B085TCLTH1,44,1,True,True
B085TDG152,12,1,False,False
B085TKWZR6,213,1,True,True
B085TL541Z,16,1,True,True
B085TMKZGF,63,1,True,True
B085VD1G4T,47,1,True,True
B085VDTZDD,30,1,True,True
B085VQ9S3T,25,1,False,False
B085VTPQW6,35,1,True,True
B085VVXHQD,640,1,True,True
B085VWWQV3,119,1,True,True
B085WJ1KPR,62,1,True,True
B085WPHTHW,35,1,True,True
B085WQKN1K,111,1,True,True
B085WZ3BKT,13,1,True,True
B085WZY81C,186,1,True,True
B085X8MZXG,157,1,True,True
B085XGNS15,5,1,True,True
B085XXZXTC,2,1,False,False
B085Y64SMG,18,1,True,True
B085YF9J1Q,1,1,False,False
B085Z99MDG,100,1,True,True
B085ZFK416,75,1,True,True
B085ZFM484,58,1,True,True
B085ZGJJKD,26,1,True,True
B085ZJS3K2,120,1,True,True
B085ZK2JBW,6,1,True,True
B085ZMGNNM,24,1,True,True
B085ZRJFQ8,101,1,True,True
B085ZRJWLD,24,1,True,True
B085ZRLVFW,15,1,True,True
B085ZXJTWC,120,1,True,True
B085ZYRGHR,16,1,True,True
B086154BBN,108,1,False,False
B08616D41T,62,1,False,False
B0861BK98Y,51,1,True,True
B0861JTTY1,8,1,True,True
B0861QJ85R,1,1,True,True
B0861TKFDH,36,1,True,True
B0861WJ8RR,5,1,False,False
B08637R8PP,56,1,False,False
B0863NBY2V,29,1,True,True
B0863T92QR,22,1,True,True
B08661JXW6,84,1,True,True
B0866J3BC4,113,1,True,True
B0867DXPMG,13,1,False,False
B0867XC94S,36,1,True,True
B0868GLGTJ,118,1,True,True
B0868PYN2Q,117,1,True,True
B0868TS2SW,29,1,True,True
B0869379NP,77,1,True,True
B08695BMPW,59,1,False,False
B0869MCRPS,60,1,True,True
B086BDYJDX,318,1,True,True
B086BNTG18,25,1,True,True
B086BRF137,8,1,False,False
B086BWLX7W,471,1,True,True
B086BY6SVV,23,1,True,True
B086CBLW4C,4,1,True,True
B086D6FGMX,18,1,True,True
B086D7PJNN,18,1,True,True
B086GNW64S,51,1,False,False
B086GRV53K,52,1,True,True
B086J8XJXS,88,1,True,True
B086JRNTYJ,14,1,True,True
B086JY9ZQG,12,1,True,True
B086KWS8FY,11,1,True,True
B086MCNT4L,111,1,True,True
B086PHBYVX,173,1,True,True
B086PYF2HR,3,1,False,False
B086QSPN3Y,7,1,True,True
B086S5K6GQ,336,1,True,True
B086S5KJB1,182,1,True,True
B086V3FMCL,9,1,True,True
B086VZ2RXX,2,1,False,False
B086VZT21K,182,1,True,True
B086W361ZK,20,1,True,True
B086WF4MXK,41,1,True,True
B086WXBHM5,60,1,True,True
B086X1HDP7,24,1,False,False
B086Y9SMCD,39,1,True,True
B086YM6F4X,10,1,True,True
B0871D7HTW,38,1,True,True
B0871LB7VW,10,1,True,True
B0872YZ9LG,2,1,True,True
B087332SJD,7,1,False,False
B08745GLNB,8,1,True,True
B087644B5Z,11,1,False,False
B0876BN2V6,156,1,True,True
B0876ND3QQ,2,1,True,True
B0876XTHHM,16,1,True,True
B08778LKST,82,1,False,False
B0878ZJDG9,22,1,True,True
B087BT3VGR,68,1,True,True
B087BXC1KY,1,1,False,False
B087BZYG1L,51,1,True,True
B087C16GBG,75,1,True,True
B087DWCDCL,7,1,True,True
B087F2SB8J,23,1,True,True
B087G6QC7C,11,1,True,True
B087JCH3WL,25,1,True,True
B087MY4N7M,20,1,True,True
B087N632XG,416,1,True,True
B087NS8YXM,6,1,True,True
B087QMK4SR,48,1,True,True
B087R7JN83,7,1,True,True
B087R9RYSP,8,1,True,True
B087WLQW36,20,1,True,True
B087WRBXNG,36,1,True,True
B087YB3M4R,18,1,True,True
B0881K1K7Q,69,1,True,True
B08832G589,23,1,True,True
B0887VNXNT,4,1,True,True
B08887VRV5,56,1,True,True
B088BPKQSP,21,1,True,True
B088CWH181,3,1,True,True
B088CXGV4Y,29,1,True,True
B088D6MMCN,11,1,True,True
B088FTKVRS,51,1,True,True
B088K2Y7C7,7,1,True,True
B088KBT4LH,24,1,True,True
B088TCYV9F,6,1,True,True
B088TJZ4PS,30,1,True,True
B08935J6YY,10,1,True,True
B089GPP64P,35,1,True,True
